x,y,pred_zinc_ppm
181180.0,333740.0,1053.8306982683
181140.0,333700.0,1053.8306982683
181180.0,333700.0,832.4949245536206
181220.0,333700.0,991.6566213073853
181100.0,333660.0,1053.8306982683
181140.0,333660.0,832.4949245536206
181180.0,333660.0,796.1192561054077
181220.0,333660.0,1040.129730325556
181060.0,333620.0,1071.1530914214607
181100.0,333620.0,832.4949245536206
181140.0,333620.0,796.1192561054077
181180.0,333620.0,1040.129730325556
181220.0,333620.0,590.7307542769809
181260.0,333620.0,559.7493734216422
181020.0,333580.0,1053.8306982683
181060.0,333580.0,832.4949245536206
181100.0,333580.0,1022.3991072252792
181140.0,333580.0,1040.129730325556
181180.0,333580.0,590.7307542769809
181220.0,333580.0,536.4283080399018
181260.0,333580.0,495.12739921716627
181300.0,333580.0,462.3927837110065
180980.0,333540.0,1053.8306982683
181020.0,333540.0,832.4949245536206
181060.0,333540.0,796.1192561054077
181100.0,333540.0,1040.129730325556
181140.0,333540.0,521.6480938560835
181180.0,333540.0,536.4283080399018
181220.0,333540.0,552.1585422120875
181260.0,333540.0,458.5033312934494
181300.0,333540.0,380.6250845111254
180940.0,333500.0,1053.8306982683
180980.0,333500.0,832.4949245536206
181020.0,333500.0,796.1192561054077
181060.0,333500.0,1040.129730325556
181100.0,333500.0,590.7307542769809
181140.0,333500.0,536.4283080399018
181180.0,333500.0,507.3493524864984
181220.0,333500.0,494.1831696677695
181260.0,333500.0,385.0555263320233
181300.0,333500.0,346.7361904853607
181340.0,333500.0,345.0536984569378
180940.0,333460.0,1071.1530914214607
180980.0,333460.0,785.444916168621
181020.0,333460.0,1040.129730325556
181060.0,333460.0,590.7307542769809
181100.0,333460.0,536.4283080399018
181140.0,333460.0,552.1585422120875
181180.0,333460.0,494.1831696677695
181220.0,333460.0,393.4593689463971
181260.0,333460.0,346.7361904853607
181300.0,333460.0,277.6678592580937
181340.0,333460.0,263.88212682137845
180900.0,333420.0,1053.8306982683
180940.0,333420.0,832.4949245536206
180980.0,333420.0,1021.5799527084118
181020.0,333420.0,603.4949504896713
181060.0,333420.0,536.4283080399018
181100.0,333420.0,495.12739921716627
181140.0,333420.0,458.5033312934494
181180.0,333420.0,385.0555263320233
181220.0,333420.0,346.7361904853607
181260.0,333420.0,248.04192196230002
181300.0,333420.0,263.88212682137845
181340.0,333420.0,243.65831288052053
181380.0,333420.0,288.11107821662307
180860.0,333380.0,1053.8306982683
180900.0,333380.0,1128.167069973478
180940.0,333380.0,793.9457126286436
180980.0,333380.0,1040.129730325556
181020.0,333380.0,521.6480938560835
181060.0,333380.0,514.4395171266164
181100.0,333380.0,458.0223247043618
181140.0,333380.0,385.0555263320233
181180.0,333380.0,346.7361904853607
181220.0,333380.0,277.6678592580937
181260.0,333380.0,263.88212682137845
181300.0,333380.0,237.3406057873027
181340.0,333380.0,289.6472038253371
181380.0,333380.0,225.49522573481093
181420.0,333380.0,209.66736572832028
180860.0,333340.0,1053.8306982683
180900.0,333340.0,769.8915062056693
180940.0,333340.0,1128.681410580685
180980.0,333340.0,622.1438731757132
181020.0,333340.0,536.4283080399018
181060.0,333340.0,507.3493524864984
181100.0,333340.0,404.64758203714524
181140.0,333340.0,346.7361904853607
181180.0,333340.0,277.6678592580937
181220.0,333340.0,263.88212682137845
181260.0,333340.0,243.65831288052053
181300.0,333340.0,289.6472038253371
181340.0,333340.0,197.75872082761975
181380.0,333340.0,209.65265914258154
181420.0,333340.0,225.63284938351137
180820.0,333300.0,1053.8306982683
180860.0,333300.0,1128.167069973478
180900.0,333300.0,793.9457126286436
180940.0,333300.0,866.3088492829421
180980.0,333300.0,500.3692262425647
181020.0,333300.0,546.7628791323249
181060.0,333300.0,494.1831696677695
181100.0,333300.0,424.02592078838694
181140.0,333300.0,345.0536984569378
181180.0,333300.0,263.88212682137845
181220.0,333300.0,243.65831288052053
181260.0,333300.0,289.6472038253371
181300.0,333300.0,225.49522573481093
181340.0,333300.0,209.65265914258154
181380.0,333300.0,224.95983209743252
181420.0,333300.0,233.63414458019486
181460.0,333300.0,177.18964539557874
180820.0,333260.0,1053.8306982683
180860.0,333260.0,769.8915062056693
180900.0,333260.0,1128.681410580685
180940.0,333260.0,622.1438731757132
180980.0,333260.0,480.8786447682601
181020.0,333260.0,507.3493524864984
181060.0,333260.0,409.406345430632
181100.0,333260.0,346.7361904853607
181140.0,333260.0,248.04192196230002
181180.0,333260.0,244.6710941761389
181220.0,333260.0,289.63684671108894
181260.0,333260.0,225.49522573481093
181300.0,333260.0,209.65265914258154
181340.0,333260.0,225.63284938351137
181380.0,333260.0,233.63414458019486
181420.0,333260.0,170.90116184683808
181460.0,333260.0,172.2734483904124
180780.0,333220.0,1053.8306982683
180820.0,333220.0,1128.167069973478
180860.0,333220.0,543.3978905244822
180900.0,333220.0,866.3088492829421
180940.0,333220.0,500.3692262425647
180980.0,333220.0,546.7628791323249
181020.0,333220.0,480.29478474134066
181060.0,333220.0,424.9100918911763
181100.0,333220.0,275.34585593631255
181140.0,333220.0,263.88212682137845
181180.0,333220.0,237.3406057873027
181220.0,333220.0,237.83202728774185
181260.0,333220.0,209.65265914258154
181300.0,333220.0,225.63284938351137
181340.0,333220.0,233.63414458019486
181380.0,333220.0,210.96794167499448
181420.0,333220.0,172.2734483904124
181460.0,333220.0,178.93557463454397
181500.0,333220.0,172.0253554608676
180780.0,333180.0,1053.8306982683
180820.0,333180.0,769.8915062056693
180860.0,333180.0,632.7435741540219
180900.0,333180.0,622.1438731757132
180940.0,333180.0,480.8786447682601
180980.0,333180.0,507.3493524864984
181020.0,333180.0,409.406345430632
181060.0,333180.0,568.3099288631042
181100.0,333180.0,251.3272523539415
181140.0,333180.0,243.65831288052053
181180.0,333180.0,289.6472038253371
181220.0,333180.0,197.75872082761975
181260.0,333180.0,221.3417558088764
181300.0,333180.0,233.82002244170204
181340.0,333180.0,210.96794167499448
181380.0,333180.0,172.2734483904124
181420.0,333180.0,178.09511401865527
181460.0,333180.0,169.44600690336193
181500.0,333180.0,161.3325439428432
181540.0,333180.0,173.01803525046685
180780.0,333140.0,1128.167069973478
180820.0,333140.0,793.9457126286436
180860.0,333140.0,502.78565940453416
180900.0,333140.0,500.3692262425647
180940.0,333140.0,546.7628791323249
180980.0,333140.0,480.29478474134066
181020.0,333140.0,424.9100918911763
181060.0,333140.0,503.59670077425983
181100.0,333140.0,260.8864530936274
181140.0,333140.0,249.3343861959562
181180.0,333140.0,225.65115293341555
181220.0,333140.0,209.65265914258154
181260.0,333140.0,224.892483625227
181300.0,333140.0,215.8693894914582
181340.0,333140.0,172.2734483904124
181380.0,333140.0,178.09511401865527
181420.0,333140.0,169.44600690336193
181460.0,333140.0,171.1246732311252
181500.0,333140.0,173.51754683049526
181540.0,333140.0,178.7153329991727
180740.0,333100.0,1053.8306982683
180780.0,333100.0,832.4949245536206
180820.0,333100.0,632.7435741540219
180860.0,333100.0,370.9010790731088
180900.0,333100.0,365.6664359186702
180940.0,333100.0,507.3493524864984
180980.0,333100.0,280.1983150686763
181020.0,333100.0,274.20452624601836
181060.0,333100.0,397.40817926242966
181100.0,333100.0,243.65831288052053
181140.0,333100.0,239.15644201713863
181180.0,333100.0,200.2574580921312
181220.0,333100.0,225.63284938351137
181260.0,333100.0,233.63414458019486
181300.0,333100.0,209.9257842705665
181340.0,333100.0,186.97893617065776
181380.0,333100.0,169.44600690336193
181420.0,333100.0,171.1246732311252
181460.0,333100.0,173.51754683049526
181500.0,333100.0,177.81331579209754
180700.0,333060.0,1053.8306982683
180740.0,333060.0,1128.167069973478
180780.0,333060.0,793.9457126286436
180820.0,333060.0,603.9012336722378
180860.0,333060.0,557.5449722101014
180900.0,333060.0,330.1075039820602
180940.0,333060.0,297.23623790659036
180980.0,333060.0,292.2688430829924
181020.0,333060.0,221.9869566252815
181060.0,333060.0,422.4240233643429
181100.0,333060.0,446.0192347936226
181140.0,333060.0,225.65115293341555
181180.0,333060.0,211.7207093718587
181220.0,333060.0,228.6676752053453
181260.0,333060.0,168.46076541575778
181300.0,333060.0,171.3474631486957
181340.0,333060.0,206.51860768625102
181380.0,333060.0,171.46420842262452
181420.0,333060.0,173.51754683049526
181460.0,333060.0,177.81331579209754
181500.0,333060.0,180.37244926413877
180700.0,333020.0,1053.8306982683
180740.0,333020.0,769.8915062056693
180780.0,333020.0,632.7435741540219
180820.0,333020.0,386.16287453741177
180860.0,333020.0,312.95161706019076
180900.0,333020.0,326.74454137533576
180940.0,333020.0,276.0417195721278
180980.0,333020.0,274.20452624601836
181020.0,333020.0,210.13570138696505
181060.0,333020.0,416.9518921742645
181100.0,333020.0,394.47041106232905
181140.0,333020.0,200.2574580921312
181180.0,333020.0,225.63284938351137
181220.0,333020.0,229.15438117774997
181260.0,333020.0,166.96619248497163
181300.0,333020.0,175.77917268044143
181340.0,333020.0,193.51005935470457
181380.0,333020.0,161.3325439428432
181420.0,333020.0,177.8877849633523
181460.0,333020.0,181.0910871022516
180660.0,332980.0,1053.8306982683
180700.0,332980.0,832.4949245536206
180740.0,332980.0,544.6472780654118
180780.0,332980.0,502.78565940453416
180820.0,332980.0,500.26523218953866
180860.0,332980.0,330.1075039820602
180900.0,332980.0,319.8626986781829
180940.0,332980.0,292.2688430829924
180980.0,332980.0,221.9869566252815
181020.0,332980.0,213.39827078776892
181060.0,332980.0,195.37786102002747
181100.0,332980.0,173.81295316087548
181140.0,332980.0,211.7207093718587
181180.0,332980.0,228.6676752053453
181220.0,332980.0,168.46076541575778
181260.0,332980.0,178.63458609345022
181300.0,332980.0,156.3842465634564
181340.0,332980.0,200.03703966584277
181380.0,332980.0,173.51754683049526
181420.0,332980.0,179.1256150976621
181460.0,332980.0,184.01260564595304
180660.0,332940.0,1053.8306982683
180700.0,332940.0,785.444916168621
180740.0,332940.0,603.9012336722378
180780.0,332940.0,393.24849062384163
180820.0,332940.0,365.6664359186702
180860.0,332940.0,326.74454137533576
180900.0,332940.0,280.1983150686763
180940.0,332940.0,285.8914390123786
180980.0,332940.0,210.13570138696505
181020.0,332940.0,183.58449187091622
181060.0,332940.0,192.84483292671587
181100.0,332940.0,175.3684752275576
181140.0,332940.0,184.20009689338505
181180.0,332940.0,179.3716080310143
181220.0,332940.0,166.96619248497163
181260.0,332940.0,175.77917268044143
181300.0,332940.0,158.09006591941935
181340.0,332940.0,199.25425157319373
181380.0,332940.0,177.81331579209754
181420.0,332940.0,180.89970504650665
180620.0,332900.0,1053.8306982683
180660.0,332900.0,1128.167069973478
180700.0,332900.0,543.3978905244822
180740.0,332900.0,308.15749337055877
180780.0,332900.0,330.86027887242415
180820.0,332900.0,330.22398081849053
180860.0,332900.0,297.23623790659036
180900.0,332900.0,324.3054337595509
180940.0,332900.0,247.94683273110732
180980.0,332900.0,295.67405033968953
181020.0,332900.0,265.6910009206005
181060.0,332900.0,173.81295316087548
181100.0,332900.0,180.87754104712388
181140.0,332900.0,228.6676752053453
181180.0,332900.0,168.46076541575778
181220.0,332900.0,178.63458609345022
181260.0,332900.0,156.3842465634564
181300.0,332900.0,159.97453217595367
181340.0,332900.0,163.4188016933896
181380.0,332900.0,175.56371774905523
181420.0,332900.0,180.5984893025467
180620.0,332860.0,1053.8306982683
180660.0,332860.0,769.8915062056693
180700.0,332860.0,632.7435741540219
180740.0,332860.0,386.16287453741177
180780.0,332860.0,376.33677264148076
180820.0,332860.0,319.48453179270706
180860.0,332860.0,280.1983150686763
180900.0,332860.0,323.8275966693782
180940.0,332860.0,238.64997228601962
180980.0,332860.0,252.0684319603697
181020.0,332860.0,278.1527720130545
181060.0,332860.0,173.6395280755905
181100.0,332860.0,184.20009689338505
181140.0,332860.0,229.15438117774997
181180.0,332860.0,166.96619248497163
181220.0,332860.0,175.77917268044143
181260.0,332860.0,158.09006591941935
181300.0,332860.0,156.02832336743526
181340.0,332860.0,167.6320483393023
181380.0,332860.0,180.36060709229164
180620.0,332820.0,1071.1530914214607
180660.0,332820.0,543.0496691314688
180700.0,332820.0,549.4815328685424
180740.0,332820.0,500.26523218953866
180780.0,332820.0,330.1075039820602
180820.0,332820.0,274.06523559965984
180860.0,332820.0,294.73674642266786
180900.0,332820.0,221.5851517600288
180940.0,332820.0,213.39827078776892
180980.0,332820.0,195.37786102002747
181020.0,332820.0,225.65115293341555
181060.0,332820.0,173.7009142309217
181100.0,332820.0,175.6365523562377
181140.0,332820.0,169.6581867148064
181180.0,332820.0,230.99396836229735
181220.0,332820.0,156.3842465634564
181260.0,332820.0,159.97453217595367
181300.0,332820.0,163.4188016933896
181340.0,332820.0,175.56371774905523
181380.0,332820.0,180.5984893025467
180580.0,332780.0,1053.8306982683
180620.0,332780.0,1128.167069973478
180660.0,332780.0,627.5100728476267
180700.0,332780.0,603.4949504896713
180740.0,332780.0,365.6664359186702
180780.0,332780.0,326.74454137533576
180820.0,332780.0,271.18886196030434
180860.0,332780.0,258.97865792856413
180900.0,332780.0,263.88212682137845
180940.0,332780.0,243.65831288052053
180980.0,332780.0,239.15644201713863
181020.0,332780.0,200.2574580921312
181060.0,332780.0,176.3395690327919
181100.0,332780.0,180.63031368459883
181140.0,332780.0,166.96619248497163
181180.0,332780.0,222.34242437062483
181220.0,332780.0,158.09006591941935
181260.0,332780.0,156.02832336743526
181300.0,332780.0,167.6320483393023
181340.0,332780.0,180.36060709229164
180580.0,332740.0,613.7651872078036
180620.0,332740.0,769.8915062056693
180660.0,332740.0,1128.681410580685
180700.0,332740.0,563.685156706411
180740.0,332740.0,376.33677264148076
180780.0,332740.0,300.36669569553453
180820.0,332740.0,292.2688430829924
180860.0,332740.0,275.34585593631255
180900.0,332740.0,246.14209579510734
180940.0,332740.0,289.63684671108894
180980.0,332740.0,225.49522573481093
181020.0,332740.0,174.75577063546962
181060.0,332740.0,175.6365523562377
181100.0,332740.0,168.46076541575778
181140.0,332740.0,171.3474631486957
181180.0,332740.0,197.30780741068517
181220.0,332740.0,159.97453217595367
181260.0,332740.0,163.4188016933896
181300.0,332740.0,175.56371774905523
181340.0,332740.0,180.5984893025467
180540.0,332700.0,1053.8306982683
180580.0,332700.0,1128.167069973478
180620.0,332700.0,793.9457126286436
180660.0,332700.0,866.3088492829421
180700.0,332700.0,500.3692262425647
180740.0,332700.0,538.4323950106419
180780.0,332700.0,440.0421085988374
180820.0,332700.0,569.4505080638199
180860.0,332700.0,251.3272523539415
180900.0,332700.0,173.63556270264544
180940.0,332700.0,237.9680111976423
180980.0,332700.0,209.65265914258154
181020.0,332700.0,176.3395690327919
181060.0,332700.0,176.6473387885818
181100.0,332700.0,166.96619248497163
181140.0,332700.0,175.77917268044143
181180.0,332700.0,193.51005935470457
181220.0,332700.0,156.02832336743526
181260.0,332700.0,167.6320483393023
181300.0,332700.0,184.01260564595304
180540.0,332660.0,1053.8306982683
180580.0,332660.0,769.8915062056693
180620.0,332660.0,1128.681410580685
180660.0,332660.0,622.1438731757132
180700.0,332660.0,480.8786447682601
180740.0,332660.0,507.3493524864984
180780.0,332660.0,420.38734750416603
180820.0,332660.0,566.5755381382479
180860.0,332660.0,260.8864530936274
180900.0,332660.0,177.5918645236728
180940.0,332660.0,225.65115293341555
180980.0,332660.0,220.17470632426478
181020.0,332660.0,180.74954820842746
181060.0,332660.0,166.82225784489594
181100.0,332660.0,178.63458609345022
181140.0,332660.0,156.3842465634564
181180.0,332660.0,200.03703966584277
181220.0,332660.0,162.9315236392135
181260.0,332660.0,175.41876967374725
181300.0,332660.0,180.5984893025467
180500.0,332620.0,1053.8306982683
180540.0,332620.0,832.4949245536206
180580.0,332620.0,796.1192561054077
180620.0,332620.0,866.3088492829421
180660.0,332620.0,500.3692262425647
180700.0,332620.0,330.1075039820602
180740.0,332620.0,297.23623790659036
180780.0,332620.0,292.2688430829924
180820.0,332620.0,195.4546387818845
180860.0,332620.0,176.44936559563618
180900.0,332620.0,203.72642675347518
180940.0,332620.0,173.6395280755905
180980.0,332620.0,176.3395690327919
181020.0,332620.0,174.20387479717323
181060.0,332620.0,171.30798956526738
181100.0,332620.0,174.66131283248043
181140.0,332620.0,194.74719795874947
181180.0,332620.0,156.02832336743526
181220.0,332620.0,167.6320483393023
181260.0,332620.0,176.36012308214362
180460.0,332580.0,1053.8306982683
180500.0,332580.0,1071.1530914214607
180540.0,332580.0,543.0496691314688
180580.0,332580.0,1040.129730325556
180620.0,332580.0,590.7307542769809
180660.0,332580.0,480.8786447682601
180700.0,332580.0,326.74454137533576
180740.0,332580.0,280.1983150686763
180780.0,332580.0,274.20452624601836
180820.0,332580.0,190.81828578009865
180860.0,332580.0,175.17870203448783
180900.0,332580.0,186.1630961782972
180940.0,332580.0,174.75577063546962
180980.0,332580.0,175.6365523562377
181020.0,332580.0,168.46076541575778
181060.0,332580.0,190.50732949612808
181100.0,332580.0,155.20941547493257
181140.0,332580.0,200.03703966584277
181180.0,332580.0,163.4188016933896
181220.0,332580.0,175.56371774905523
181260.0,332580.0,178.07582341795785
180420.0,332540.0,1053.8306982683
180460.0,332540.0,1071.1530914214607
180500.0,332540.0,769.8915062056693
180540.0,332540.0,1021.2777762524374
180580.0,332540.0,603.4949504896713
180620.0,332540.0,536.4283080399018
180660.0,332540.0,323.2814951506671
180700.0,332540.0,294.49758631408594
180740.0,332540.0,280.44301987798707
180780.0,332540.0,208.8276155321262
180820.0,332540.0,188.94398584375128
180860.0,332540.0,177.5918645236728
180900.0,332540.0,172.90118090998263
180940.0,332540.0,176.10612656305693
180980.0,332540.0,176.6473387885818
181020.0,332540.0,209.9349648766968
181060.0,332540.0,222.34242437062483
181100.0,332540.0,159.37096348904868
181140.0,332540.0,162.9315236392135
181180.0,332540.0,167.6320483393023
181220.0,332540.0,180.36060709229164
180380.0,332500.0,1053.8306982683
180420.0,332500.0,1071.1530914214607
180460.0,332500.0,769.8915062056693
180500.0,332500.0,1021.2777762524374
180540.0,332500.0,791.5543001139207
180580.0,332500.0,521.6480938560835
180620.0,332500.0,486.45250583776465
180660.0,332500.0,313.14949693688754
180700.0,332500.0,271.18886196030434
180740.0,332500.0,263.2747015822806
180780.0,332500.0,190.81828578009865
180820.0,332500.0,173.63556270264544
180860.0,332500.0,174.48564612446154
180900.0,332500.0,173.6395280755905
180940.0,332500.0,224.95983209743252
180980.0,332500.0,215.8693894914582
181020.0,332500.0,230.99396836229735
181060.0,332500.0,156.3842465634564
181100.0,332500.0,159.97453217595367
181140.0,332500.0,166.236738373841
181180.0,332500.0,176.30524033495593
181220.0,332500.0,178.07582341795785
180340.0,332460.0,1053.8306982683
180380.0,332460.0,1071.1530914214607
180420.0,332460.0,769.8915062056693
180460.0,332460.0,1021.2777762524374
180500.0,332460.0,791.5543001139207
180540.0,332460.0,521.6480938560835
180580.0,332460.0,474.185549484204
180620.0,332460.0,459.9406692917194
180660.0,332460.0,266.2289417507987
180700.0,332460.0,272.8582710629251
180740.0,332460.0,208.61652140330213
180780.0,332460.0,188.94398584375128
180820.0,332460.0,177.5918645236728
180860.0,332460.0,225.65115293341555
180900.0,332460.0,174.75577063546962
180940.0,332460.0,175.6365523562377
180980.0,332460.0,167.34258526269886
181020.0,332460.0,189.43533800088906
181060.0,332460.0,158.09006591941935
181100.0,332460.0,156.02832336743526
181140.0,332460.0,167.6320483393023
181180.0,332460.0,178.07582341795785
180300.0,332420.0,1053.8306982683
180340.0,332420.0,1071.1530914214607
180380.0,332420.0,769.8915062056693
180420.0,332420.0,1021.2777762524374
180460.0,332420.0,791.5543001139207
180500.0,332420.0,534.9384109145229
180540.0,332420.0,474.185549484204
180580.0,332420.0,459.9406692917194
180620.0,332420.0,448.51988817333915
180660.0,332420.0,280.07475274502787
180700.0,332420.0,258.97865792856413
180740.0,332420.0,204.57733170931257
180780.0,332420.0,173.63556270264544
180820.0,332420.0,239.15644201713863
180860.0,332420.0,175.3684752275576
180900.0,332420.0,176.3395690327919
180940.0,332420.0,229.15438117774997
180980.0,332420.0,166.96619248497163
181020.0,332420.0,164.93100923734235
181060.0,332420.0,159.37096348904868
181100.0,332420.0,163.4188016933896
181140.0,332420.0,175.56371774905523
181180.0,332420.0,178.07582341795785
180260.0,332380.0,1053.8306982683
180300.0,332380.0,1128.167069973478
180340.0,332380.0,769.8915062056693
180380.0,332380.0,1015.7155875456117
180420.0,332380.0,778.0036858866066
180460.0,332380.0,534.9384109145229
180500.0,332380.0,474.185549484204
180540.0,332380.0,459.9406692917194
180580.0,332380.0,294.49758631408594
180620.0,332380.0,280.07475274502787
180660.0,332380.0,259.0483822598879
180700.0,332380.0,185.19398226055537
180740.0,332380.0,176.44936559563618
180780.0,332380.0,289.63684671108894
180820.0,332380.0,173.81295316087548
180860.0,332380.0,180.87754104712388
180900.0,332380.0,175.6365523562377
180940.0,332380.0,168.46076541575778
180980.0,332380.0,178.63458609345022
181020.0,332380.0,156.3842465634564
181060.0,332380.0,155.89938343539842
181100.0,332380.0,166.236738373841
181140.0,332380.0,180.36060709229164
180140.0,332340.0,1053.8306982683
180180.0,332340.0,1053.8306982683
180220.0,332340.0,1071.1530914214607
180260.0,332340.0,832.4949245536206
180300.0,332340.0,793.9457126286436
180340.0,332340.0,1122.5342690864563
180380.0,332340.0,778.0036858866066
180420.0,332340.0,534.9384109145229
180460.0,332340.0,474.185549484204
180500.0,332340.0,459.9406692917194
180540.0,332340.0,448.51988817333915
180580.0,332340.0,280.07475274502787
180620.0,332340.0,259.0483822598879
180660.0,332340.0,185.19398226055537
180700.0,332340.0,187.79638303844058
180740.0,332340.0,238.99430279478685
180780.0,332340.0,237.83202728774185
180820.0,332340.0,175.86247223316673
180860.0,332340.0,184.20009689338505
180900.0,332340.0,176.6473387885818
180940.0,332340.0,209.9349648766968
180980.0,332340.0,175.77917268044143
181020.0,332340.0,158.09006591941935
181060.0,332340.0,156.02832336743526
181100.0,332340.0,174.29792168235954
181140.0,332340.0,179.70143969173216
180020.0,332300.0,1053.8306982683
180060.0,332300.0,1053.8306982683
180100.0,332300.0,1053.8306982683
180140.0,332300.0,832.4949245536206
180180.0,332300.0,785.444916168621
180220.0,332300.0,785.444916168621
180260.0,332300.0,1021.5799527084118
180300.0,332300.0,1040.129730325556
180340.0,332300.0,619.8716806545501
180380.0,332300.0,504.4518817489471
180420.0,332300.0,474.185549484204
180460.0,332300.0,459.9406692917194
180500.0,332300.0,294.49758631408594
180540.0,332300.0,280.07475274502787
180580.0,332300.0,259.0483822598879
180620.0,332300.0,185.19398226055537
180660.0,332300.0,187.79638303844058
180700.0,332300.0,238.99430279478685
180740.0,332300.0,174.2991373994646
180780.0,332300.0,174.63506928028832
180820.0,332300.0,184.4919707049601
180860.0,332300.0,182.10215382810242
180900.0,332300.0,166.82225784489594
180940.0,332300.0,230.99396836229735
180980.0,332300.0,197.30780741068517
181020.0,332300.0,159.97453217595367
181060.0,332300.0,163.4188016933896
181100.0,332300.0,175.56371774905523
179860.0,332260.0,1053.8306982683
179900.0,332260.0,1053.8306982683
179940.0,332260.0,1053.8306982683
179980.0,332260.0,1128.167069973478
180020.0,332260.0,1128.167069973478
180060.0,332260.0,769.8915062056693
180100.0,332260.0,785.444916168621
180140.0,332260.0,796.1192561054077
180180.0,332260.0,1040.129730325556
180220.0,332260.0,603.4949504896713
180260.0,332260.0,308.15749337055877
180300.0,332260.0,563.5572073314568
180340.0,332260.0,318.6253841043697
180380.0,332260.0,493.16436980750296
180420.0,332260.0,318.38209650631114
180460.0,332260.0,294.49758631408594
180500.0,332260.0,280.07475274502787
180540.0,332260.0,259.0483822598879
180580.0,332260.0,185.19398226055537
180620.0,332260.0,187.79638303844058
180660.0,332260.0,177.05543342787615
180700.0,332260.0,174.2991373994646
180740.0,332260.0,174.63506928028832
180780.0,332260.0,180.99008162300714
180820.0,332260.0,183.3014175024401
180860.0,332260.0,177.18964539557874
180900.0,332260.0,171.3474631486957
180940.0,332260.0,174.66131283248043
180980.0,332260.0,172.1508125753232
181020.0,332260.0,156.02832336743526
181060.0,332260.0,167.6320483393023
181100.0,332260.0,179.70143969173216
179700.0,332220.0,1053.8306982683
179740.0,332220.0,1053.8306982683
179780.0,332220.0,1071.1530914214607
179820.0,332220.0,1128.167069973478
179860.0,332220.0,832.4949245536206
179900.0,332220.0,785.444916168621
179940.0,332220.0,785.444916168621
179980.0,332220.0,793.9457126286436
180020.0,332220.0,1128.681410580685
180060.0,332220.0,1128.681410580685
180100.0,332220.0,1044.280910040599
180140.0,332220.0,603.4949504896713
180180.0,332220.0,590.7307542769809
180220.0,332220.0,532.8997142219065
180260.0,332220.0,486.45250583776465
180300.0,332220.0,486.45250583776465
180340.0,332220.0,320.6162001478031
180380.0,332220.0,313.52016517951154
180420.0,332220.0,271.18886196030434
180460.0,332220.0,280.44301987798707
180500.0,332220.0,259.0483822598879
180540.0,332220.0,185.19398226055537
180580.0,332220.0,261.0822102515901
180620.0,332220.0,177.05543342787615
180660.0,332220.0,174.2991373994646
180700.0,332220.0,174.63506928028832
180740.0,332220.0,217.1872104589446
180780.0,332220.0,228.58852412775246
180820.0,332220.0,177.16070397176873
180860.0,332220.0,170.54420082060912
180900.0,332220.0,189.43533800088906
180940.0,332220.0,169.44600690336193
180980.0,332220.0,159.97453217595367
181020.0,332220.0,163.4188016933896
181060.0,332220.0,174.29792168235954
179660.0,332180.0,1053.8306982683
179700.0,332180.0,1128.167069973478
179740.0,332180.0,769.8915062056693
179780.0,332180.0,785.444916168621
179820.0,332180.0,1022.3991072252792
179860.0,332180.0,632.7435741540219
179900.0,332180.0,1040.129730325556
179940.0,332180.0,603.4949504896713
179980.0,332180.0,603.4949504896713
180020.0,332180.0,607.2120847414421
180060.0,332180.0,516.7430030731508
180100.0,332180.0,500.3692262425647
180140.0,332180.0,481.3526041673596
180180.0,332180.0,514.4395171266164
180220.0,332180.0,495.12739921716627
180260.0,332180.0,458.0223247043618
180300.0,332180.0,404.64758203714524
180340.0,332180.0,404.64758203714524
180380.0,332180.0,393.4593689463971
180420.0,332180.0,346.7361904853607
180460.0,332180.0,275.34585593631255
180500.0,332180.0,251.3272523539415
180540.0,332180.0,187.79638303844058
180580.0,332180.0,177.05543342787615
180620.0,332180.0,174.2991373994646
180660.0,332180.0,174.63506928028832
180700.0,332180.0,180.99008162300714
180740.0,332180.0,183.3014175024401
180780.0,332180.0,177.16070397176873
180820.0,332180.0,170.54420082060912
180860.0,332180.0,181.59441986256604
180900.0,332180.0,163.8283617918557
180940.0,332180.0,159.37096348904868
180980.0,332180.0,162.9315236392135
181020.0,332180.0,167.6320483393023
181060.0,332180.0,179.70143969173216
179620.0,332140.0,1053.8306982683
179660.0,332140.0,832.4949245536206
179700.0,332140.0,793.9457126286436
179740.0,332140.0,1128.681410580685
179780.0,332140.0,549.4815328685424
179820.0,332140.0,603.4949504896713
179860.0,332140.0,583.9637600221389
179900.0,332140.0,516.7430030731508
179940.0,332140.0,559.7493734216422
179980.0,332140.0,514.4395171266164
180020.0,332140.0,514.4395171266164
180060.0,332140.0,546.7628791323249
180100.0,332140.0,507.3493524864984
180140.0,332140.0,507.3493524864984
180180.0,332140.0,492.5727447952598
180220.0,332140.0,404.64758203714524
180260.0,332140.0,385.0555263320233
180300.0,332140.0,414.83442092321917
180340.0,332140.0,258.97865792856413
180380.0,332140.0,345.0536984569378
180420.0,332140.0,185.29399461339608
180460.0,332140.0,263.88212682137845
180500.0,332140.0,173.63556270264544
180540.0,332140.0,177.5918645236728
180580.0,332140.0,174.2991373994646
180620.0,332140.0,174.63506928028832
180660.0,332140.0,180.99008162300714
180700.0,332140.0,183.3014175024401
180740.0,332140.0,177.16070397176873
180780.0,332140.0,170.54420082060912
180820.0,332140.0,181.59441986256604
180860.0,332140.0,178.3238691043702
180900.0,332140.0,172.37734438198237
180940.0,332140.0,155.98042745519078
180980.0,332140.0,166.236738373841
181020.0,332140.0,176.30524033495593
179580.0,332100.0,1128.167069973478
179620.0,332100.0,769.8915062056693
179660.0,332100.0,796.1192561054077
179700.0,332100.0,1040.129730325556
179740.0,332100.0,386.16287453741177
179780.0,332100.0,500.26523218953866
179820.0,332100.0,365.6664359186702
179860.0,332100.0,514.4395171266164
179900.0,332100.0,538.4323950106419
179940.0,332100.0,507.3493524864984
179980.0,332100.0,495.9627069884893
180020.0,332100.0,274.06523559965984
180060.0,332100.0,274.06523559965984
180100.0,332100.0,276.0417195721278
180140.0,332100.0,292.2688430829924
180180.0,332100.0,292.2688430829924
180220.0,332100.0,269.92473627763115
180260.0,332100.0,258.97865792856413
180300.0,332100.0,277.6678592580937
180340.0,332100.0,204.57733170931257
180380.0,332100.0,179.21653074073646
180420.0,332100.0,176.44936559563618
180460.0,332100.0,175.17870203448783
180500.0,332100.0,181.59408717033693
180540.0,332100.0,173.81295316087548
180580.0,332100.0,175.3684752275576
180620.0,332100.0,180.99008162300714
180660.0,332100.0,183.3014175024401
180700.0,332100.0,177.16070397176873
180740.0,332100.0,170.54420082060912
180780.0,332100.0,181.59441986256604
180820.0,332100.0,178.3238691043702
180860.0,332100.0,172.37734438198237
180900.0,332100.0,155.98042745519078
180940.0,332100.0,163.4188016933896
180980.0,332100.0,174.29792168235954
181020.0,332100.0,179.70143969173216
179580.0,332060.0,1128.167069973478
179620.0,332060.0,1022.3991072252792
179660.0,332060.0,502.78565940453416
179700.0,332060.0,590.7307542769809
179740.0,332060.0,312.95161706019076
179780.0,332060.0,330.1075039820602
179820.0,332060.0,507.3493524864984
179860.0,332060.0,492.5727447952598
179900.0,332060.0,440.0421085988374
179940.0,332060.0,291.7661665822562
179980.0,332060.0,292.2688430829924
180020.0,332060.0,299.1206061282671
180060.0,332060.0,272.67938884000455
180100.0,332060.0,272.67938884000455
180140.0,332060.0,222.31258882888952
180180.0,332060.0,210.13570138696505
180220.0,332060.0,190.81828578009865
180260.0,332060.0,260.8864530936274
180300.0,332060.0,179.38637230285735
180340.0,332060.0,173.63556270264544
180380.0,332060.0,181.52622954273963
180420.0,332060.0,173.60994370601696
180460.0,332060.0,173.60994370601696
180500.0,332060.0,174.11943492162592
180540.0,332060.0,175.86247223316673
180580.0,332060.0,184.20009689338505
180620.0,332060.0,183.17336638088472
180660.0,332060.0,177.16070397176873
180700.0,332060.0,170.54420082060912
180740.0,332060.0,181.59441986256604
180780.0,332060.0,178.3238691043702
180820.0,332060.0,172.37734438198237
180860.0,332060.0,161.44360462939326
180900.0,332060.0,163.4188016933896
180940.0,332060.0,174.29792168235954
180980.0,332060.0,179.70143969173216
179540.0,332020.0,1053.8306982683
179580.0,332020.0,832.4949245536206
179620.0,332020.0,632.7435741540219
179660.0,332020.0,583.9637600221389
179700.0,332020.0,365.6664359186702
179740.0,332020.0,330.22398081849053
179780.0,332020.0,494.1831696677695
179820.0,332020.0,280.1983150686763
179860.0,332020.0,292.2688430829924
179900.0,332020.0,273.8975622514079
179940.0,332020.0,272.67938884000455
179980.0,332020.0,195.4546387818845
180020.0,332020.0,210.13570138696505
180060.0,332020.0,241.73943682048287
180100.0,332020.0,200.70599182204532
180140.0,332020.0,179.38637230285735
180180.0,332020.0,173.63556270264544
180220.0,332020.0,177.6560554322969
180260.0,332020.0,249.3343861959562
180300.0,332020.0,287.1557349110945
180340.0,332020.0,173.60994370601696
180380.0,332020.0,173.81295316087548
180420.0,332020.0,214.87628912062962
180460.0,332020.0,218.03448179571973
180500.0,332020.0,184.4919707049601
180540.0,332020.0,183.2558249728396
180580.0,332020.0,182.17177790653685
180620.0,332020.0,170.27046395295187
180660.0,332020.0,170.39388899426646
180700.0,332020.0,181.59441986256604
180740.0,332020.0,178.3238691043702
180780.0,332020.0,172.37734438198237
180820.0,332020.0,161.44360462939326
180860.0,332020.0,173.01803525046685
180900.0,332020.0,174.29792168235954
180940.0,332020.0,180.36060709229164
180980.0,332020.0,181.20658933333542
179540.0,331980.0,1053.8306982683
179580.0,331980.0,785.444916168621
179620.0,331980.0,603.9012336722378
179660.0,331980.0,557.5449722101014
179700.0,331980.0,330.36400971925974
179740.0,331980.0,297.23623790659036
179780.0,331980.0,280.1983150686763
179820.0,331980.0,285.8914390123786
179860.0,331980.0,221.9869566252815
179900.0,331980.0,210.13570138696505
179940.0,331980.0,213.39827078776892
179980.0,331980.0,190.80155409914082
180020.0,331980.0,189.71247837898002
180060.0,331980.0,177.6560554322969
180100.0,331980.0,181.52622954273963
180140.0,331980.0,173.60994370601696
180180.0,331980.0,173.60994370601696
180220.0,331980.0,173.83176940533426
180260.0,331980.0,200.2574580921312
180300.0,331980.0,200.2574580921312
180340.0,331980.0,180.87754104712388
180380.0,331980.0,180.74511395117912
180420.0,331980.0,184.20009689338505
180460.0,331980.0,234.05004534464715
180500.0,331980.0,177.18964539557874
180540.0,331980.0,177.18964539557874
180580.0,331980.0,170.90116184683808
180620.0,331980.0,172.2734483904124
180660.0,331980.0,178.6955195916566
180700.0,331980.0,171.30227992997118
180740.0,331980.0,172.37734438198237
180780.0,331980.0,161.44360462939326
180820.0,331980.0,173.01803525046685
180860.0,331980.0,179.1256150976621
180900.0,331980.0,180.36060709229164
180940.0,331980.0,181.20658933333542
179540.0,331940.0,1128.167069973478
179580.0,331940.0,793.9457126286436
179620.0,331940.0,308.15749337055877
179660.0,331940.0,330.86027887242415
179700.0,331940.0,326.74454137533576
179740.0,331940.0,291.7661665822562
179780.0,331940.0,274.20452624601836
179820.0,331940.0,221.5851517600288
179860.0,331940.0,241.73943682048287
179900.0,331940.0,183.58449187091622
179940.0,331940.0,195.37786102002747
179980.0,331940.0,196.73296062946736
180020.0,331940.0,173.60994370601696
180060.0,331940.0,174.11943492162592
180100.0,331940.0,175.3684752275576
180140.0,331940.0,176.65384974443043
180180.0,331940.0,182.40784994436518
180220.0,331940.0,180.74511395117912
180260.0,331940.0,184.20009689338505
180300.0,331940.0,228.6676752053453
180340.0,331940.0,183.17336638088472
180380.0,331940.0,179.3716080310143
180420.0,331940.0,215.8693894914582
180460.0,331940.0,168.86401736383436
180500.0,331940.0,171.57415782427637
180540.0,331940.0,190.50732949612808
180580.0,331940.0,189.43533800088906
180620.0,331940.0,164.93100923734235
180660.0,331940.0,155.1954899420249
180700.0,331940.0,171.1246732311252
180740.0,331940.0,161.45312690706808
180780.0,331940.0,173.01803525046685
180820.0,331940.0,179.1256150976621
180860.0,331940.0,184.01260564595304
180900.0,331940.0,179.7797668019222
180940.0,331940.0,167.34250314019977
179500.0,331900.0,1053.8306982683
179540.0,331900.0,551.5818367078984
179580.0,331900.0,632.7435741540219
179620.0,331900.0,370.9010790731088
179660.0,331900.0,376.33677264148076
179700.0,331900.0,319.48453179270706
179740.0,331900.0,292.2688430829924
179780.0,331900.0,195.4546387818845
179820.0,331900.0,278.1268850026292
179860.0,331900.0,183.58449187091622
179900.0,331900.0,203.1064044306495
179940.0,331900.0,193.1476808251621
179980.0,331900.0,206.7311343192259
180020.0,331900.0,180.87754104712388
180060.0,331900.0,184.4919707049601
180100.0,331900.0,183.2558249728396
180140.0,331900.0,183.17336638088472
180180.0,331900.0,182.1992828856353
180220.0,331900.0,177.18964539557874
180260.0,331900.0,177.18964539557874
180300.0,331900.0,213.37924474876843
180340.0,331900.0,170.4882861853293
180380.0,331900.0,170.39388899426646
180420.0,331900.0,179.91738594966216
180460.0,331900.0,187.18695763270162
180500.0,331900.0,178.09511401865527
180540.0,331900.0,155.20941547493257
180580.0,331900.0,159.37096348904868
180620.0,331900.0,159.37096348904868
180660.0,331900.0,155.89938343539842
180700.0,331900.0,162.9315236392135
180740.0,331900.0,167.6320483393023
180780.0,331900.0,180.37244926413877
180820.0,331900.0,184.01260564595304
180860.0,331900.0,180.2249019739649
180900.0,331900.0,167.34250314019977
179500.0,331860.0,1071.1530914214607
179540.0,331860.0,543.0496691314688
179580.0,331860.0,603.9012336722378
179620.0,331860.0,557.5449722101014
179660.0,331860.0,330.1075039820602
179700.0,331860.0,274.06523559965984
179740.0,331860.0,334.9280098413446
179780.0,331860.0,238.64997228601962
179820.0,331860.0,260.11789464048036
179860.0,331860.0,234.90165077894028
179900.0,331860.0,193.1476808251621
179940.0,331860.0,206.63533953160632
179980.0,331860.0,184.20009689338505
180020.0,331860.0,183.17336638088472
180060.0,331860.0,179.3716080310143
180100.0,331860.0,177.18964539557874
180140.0,331860.0,170.90116184683808
180180.0,331860.0,170.39388899426646
180220.0,331860.0,171.57415782427637
180260.0,331860.0,187.18695763270162
180300.0,331860.0,254.1576857574128
180340.0,331860.0,178.50249817899345
180380.0,331860.0,171.30227992997118
180420.0,331860.0,171.30227992997118
180460.0,331860.0,172.1508125753232
180500.0,331860.0,171.46420842262452
180540.0,331860.0,159.97453217595367
180580.0,331860.0,162.9315236392135
180620.0,331860.0,166.236738373841
180660.0,331860.0,166.236738373841
180700.0,331860.0,174.29792168235954
180740.0,331860.0,176.36012308214362
180780.0,331860.0,177.36143526611195
180820.0,331860.0,172.27187532277236
180860.0,331860.0,161.94781224909008
180900.0,331860.0,158.83488990236364
179500.0,331820.0,1128.167069973478
179540.0,331820.0,627.5100728476267
179580.0,331820.0,308.15749337055877
179620.0,331820.0,312.95161706019076
179660.0,331820.0,326.74454137533576
179700.0,331820.0,276.0417195721278
179740.0,331820.0,321.74065616237124
179780.0,331820.0,295.67405033968953
179820.0,331820.0,265.6910009206005
179860.0,331820.0,212.84143719236928
179900.0,331820.0,212.174099296357
179940.0,331820.0,184.20009689338505
179980.0,331820.0,182.17177790653685
180020.0,331820.0,170.27046395295187
180060.0,331820.0,170.39388899426646
180100.0,331820.0,181.59441986256604
180140.0,331820.0,186.97893617065776
180180.0,331820.0,178.93557463454397
180220.0,331820.0,156.3842465634564
180260.0,331820.0,169.44600690336193
180300.0,331820.0,198.45625715121594
180340.0,331820.0,171.46420842262452
180380.0,331820.0,171.1246732311252
180420.0,331820.0,161.45312690706808
180460.0,331820.0,161.45312690706808
180500.0,331820.0,173.01803525046685
180540.0,331820.0,166.236738373841
180580.0,331820.0,167.6320483393023
180620.0,331820.0,176.30524033495593
180660.0,331820.0,178.07582341795785
180700.0,331820.0,178.07582341795785
180740.0,331820.0,179.7797668019222
180780.0,331820.0,170.98851336245394
180820.0,331820.0,163.50053117272589
180860.0,331820.0,157.8617764598189
179500.0,331780.0,632.1936963697275
179540.0,331780.0,632.7435741540219
179580.0,331780.0,583.9637600221389
179620.0,331780.0,376.33677264148076
179660.0,331780.0,319.48453179270706
179700.0,331780.0,292.2688430829924
179740.0,331780.0,247.94683273110732
179780.0,331780.0,268.5647906804541
179820.0,331780.0,277.7049606277938
179860.0,331780.0,212.9879443858068
179900.0,331780.0,175.0457090279397
179940.0,331780.0,176.6473387885818
179980.0,331780.0,166.82225784489594
180020.0,331780.0,172.2734483904124
180060.0,331780.0,178.6955195916566
180100.0,331780.0,171.30227992997118
180140.0,331780.0,158.09006591941935
180180.0,331780.0,159.37096348904868
180220.0,331780.0,155.89938343539842
180260.0,331780.0,161.45312690706808
180300.0,331780.0,202.57629910692668
180340.0,331780.0,177.8877849633523
180380.0,331780.0,177.8877849633523
180420.0,331780.0,177.81331579209754
180460.0,331780.0,180.22353102696184
180500.0,331780.0,180.37244926413877
180540.0,331780.0,180.36060709229164
180580.0,331780.0,178.07582341795785
180620.0,331780.0,177.36143526611195
180660.0,331780.0,168.37149210919662
180700.0,331780.0,161.21900842769685
180740.0,331780.0,161.15358671813368
180780.0,331780.0,162.70956228233706
180820.0,331780.0,157.8617764598189
179460.0,331740.0,1053.8306982683
179500.0,331740.0,1128.167069973478
179540.0,331740.0,632.7435741540219
179580.0,331740.0,557.5449722101014
179620.0,331740.0,330.36400971925974
179660.0,331740.0,274.06523559965984
179700.0,331740.0,321.87297658811025
179740.0,331740.0,238.64997228601962
179780.0,331740.0,252.0684319603697
179820.0,331740.0,230.9972942513337
179860.0,331740.0,173.7009142309217
179900.0,331740.0,175.6365523562377
179940.0,331740.0,167.34258526269886
179980.0,331740.0,178.63458609345022
180020.0,331740.0,178.09511401865527
180060.0,331740.0,169.44600690336193
180100.0,331740.0,159.97453217595367
180140.0,331740.0,156.02832336743526
180180.0,331740.0,163.4188016933896
180220.0,331740.0,166.236738373841
180260.0,331740.0,179.1256150976621
180300.0,331740.0,258.16508637896914
180340.0,331740.0,181.0910871022516
180380.0,331740.0,180.5984893025467
180420.0,331740.0,178.07582341795785
180460.0,331740.0,177.36143526611195
180500.0,331740.0,172.5223219161818
180540.0,331740.0,172.27187532277236
180580.0,331740.0,161.52451087918396
180620.0,331740.0,161.21900842769685
180660.0,331740.0,163.50053117272589
180700.0,331740.0,157.8617764598189
180740.0,331740.0,157.28196323287764
180780.0,331740.0,157.28196323287764
180820.0,331740.0,153.18756175829526
179460.0,331700.0,1053.8306982683
179500.0,331700.0,769.8915062056693
179540.0,331700.0,632.7435741540219
179580.0,331700.0,557.5449722101014
179620.0,331700.0,328.69546393706713
179660.0,331700.0,291.7661665822562
179700.0,331700.0,321.6868870555605
179740.0,331700.0,295.67405033968953
179780.0,331700.0,265.6910009206005
179820.0,331700.0,232.78848617578612
179860.0,331700.0,175.24379894578266
179900.0,331700.0,180.74954820842746
179940.0,331700.0,166.96619248497163
179980.0,331700.0,164.93100923734235
180020.0,331700.0,158.09006591941935
180060.0,331700.0,159.97453217595367
180100.0,331700.0,162.9315236392135
180140.0,331700.0,167.6320483393023
180180.0,331700.0,175.56371774905523
180220.0,331700.0,184.01260564595304
180260.0,331700.0,271.92054754998384
180300.0,331700.0,285.3727260819765
180340.0,331700.0,173.8872922010993
180380.0,331700.0,171.31500342995068
180420.0,331700.0,162.91018442156835
180460.0,331700.0,161.21900842769685
180500.0,331700.0,163.50053117272589
180540.0,331700.0,157.8617764598189
180580.0,331700.0,157.8617764598189
180620.0,331700.0,157.28196323287764
180660.0,331700.0,157.28196323287764
180700.0,331700.0,156.75695187144777
180740.0,331700.0,152.97546091482712
180780.0,331700.0,151.41714970707565
179460.0,331660.0,1053.8306982683
179500.0,331660.0,785.444916168621
179540.0,331660.0,549.4815328685424
179580.0,331660.0,500.26523218953866
179620.0,331660.0,328.69546393706713
179660.0,331660.0,292.2688430829924
179700.0,331660.0,190.20029992385574
179740.0,331660.0,195.75629500318396
179780.0,331660.0,208.5999977534603
179820.0,331660.0,173.6395280755905
179860.0,331660.0,176.02833873679486
179900.0,331660.0,174.20387479717323
179940.0,331660.0,171.30798956526738
179980.0,331660.0,156.3842465634564
180020.0,331660.0,155.89938343539842
180060.0,331660.0,163.4188016933896
180100.0,331660.0,167.6320483393023
180140.0,331660.0,176.36012308214362
180180.0,331660.0,177.36143526611195
180220.0,331660.0,279.58646304734873
180260.0,331660.0,271.90286261129233
180300.0,331660.0,162.66376145191978
180340.0,331660.0,157.467946821386
180380.0,331660.0,151.69033183349285
180420.0,331660.0,151.69033183349285
180460.0,331660.0,157.28196323287764
180500.0,331660.0,157.28196323287764
180540.0,331660.0,156.75695187144777
180580.0,331660.0,153.18756175829526
180620.0,331660.0,153.18756175829526
180660.0,331660.0,152.5411344250677
180700.0,331660.0,151.41714970707565
180740.0,331660.0,151.41714970707565
180780.0,331660.0,150.7169059220712
179460.0,331620.0,1071.1530914214607
179500.0,331620.0,785.444916168621
179540.0,331620.0,308.15749337055877
179580.0,331620.0,363.00351676101
179620.0,331620.0,326.74454137533576
179660.0,331620.0,280.44301987798707
179700.0,331620.0,196.2955475918935
179740.0,331620.0,193.95809041632234
179780.0,331620.0,186.1630961782972
179820.0,331620.0,173.7009142309217
179860.0,331620.0,175.6365523562377
179900.0,331620.0,169.6581867148064
179940.0,331620.0,190.50732949612808
179980.0,331620.0,155.20941547493257
180020.0,331620.0,156.02832336743526
180060.0,331620.0,174.29792168235954
180100.0,331620.0,180.36060709229164
180140.0,331620.0,177.36143526611195
180180.0,331620.0,173.64533901274513
180220.0,331620.0,274.281202064344
180260.0,331620.0,252.59561270019034
180300.0,331620.0,149.16736015709586
180340.0,331620.0,149.16736015709586
180380.0,331620.0,143.13681403848236
180420.0,331620.0,143.0621453303427
180460.0,331620.0,152.97546091482712
180500.0,331620.0,151.41714970707565
180540.0,331620.0,151.41714970707565
180580.0,331620.0,151.41714970707565
180620.0,331620.0,150.7169059220712
180660.0,331620.0,150.7169059220712
180700.0,331620.0,149.16369934246515
180740.0,331620.0,149.16369934246515
179420.0,331580.0,1053.8306982683
179460.0,331580.0,832.4949245536206
179500.0,331580.0,626.8202822586612
179540.0,331580.0,308.15749337055877
179580.0,331580.0,376.33677264148076
179620.0,331580.0,296.7679910573772
179660.0,331580.0,280.44301987798707
179700.0,331580.0,190.81828578009865
179740.0,331580.0,198.04269274847746
179780.0,331580.0,172.90118090998263
179820.0,331580.0,176.10612656305693
179860.0,331580.0,180.67773758254697
179900.0,331580.0,166.96619248497163
179940.0,331580.0,175.77917268044143
179980.0,331580.0,159.37096348904868
180020.0,331580.0,162.9315236392135
180060.0,331580.0,175.41876967374725
180100.0,331580.0,179.7797668019222
180140.0,331580.0,161.52451087918396
180180.0,331580.0,158.80633647827685
180220.0,331580.0,252.59561270019034
180260.0,331580.0,249.63948966747523
180300.0,331580.0,241.21972793085965
180340.0,331580.0,141.65987505350142
180380.0,331580.0,140.03851489150563
180420.0,331580.0,150.7169059220712
180460.0,331580.0,150.7169059220712
180500.0,331580.0,150.7169059220712
180540.0,331580.0,149.16369934246515
180580.0,331580.0,149.16369934246515
180620.0,331580.0,148.12725614073548
180660.0,331580.0,147.63248581775483
180700.0,331580.0,147.63248581775483
180740.0,331580.0,145.73947091381802
179420.0,331540.0,1053.8306982683
179460.0,331540.0,785.444916168621
179500.0,331540.0,603.9012336722378
179540.0,331540.0,563.5572073314568
179580.0,331540.0,376.33677264148076
179620.0,331540.0,266.2289417507987
179660.0,331540.0,269.92473627763115
179700.0,331540.0,190.81828578009865
179740.0,331540.0,177.6560554322969
179780.0,331540.0,173.5690516734929
179820.0,331540.0,175.0457090279397
179860.0,331540.0,174.20387479717323
179900.0,331540.0,171.3474631486957
179940.0,331540.0,156.3842465634564
179980.0,331540.0,159.97453217595367
180020.0,331540.0,166.236738373841
180060.0,331540.0,181.0910871022516
180100.0,331540.0,173.8872922010993
180140.0,331540.0,270.1087204130549
180180.0,331540.0,251.99051974858665
180220.0,331540.0,148.1147838269719
180260.0,331540.0,142.44382219165854
180300.0,331540.0,238.0639746318591
180340.0,331540.0,237.64717467786483
180380.0,331540.0,137.1913019993898
180420.0,331540.0,129.23493993185184
180460.0,331540.0,140.22550076846062
180500.0,331540.0,139.70380497305177
180540.0,331540.0,139.70380497305177
180580.0,331540.0,137.78161964129998
180620.0,331540.0,137.78161964129998
180660.0,331540.0,137.78161964129998
180700.0,331540.0,133.67555340346914
179380.0,331500.0,1053.8306982683
179420.0,331500.0,832.4949245536206
179460.0,331500.0,544.6472780654118
179500.0,331500.0,308.15749337055877
179540.0,331500.0,330.86027887242415
179580.0,331500.0,329.50640759630727
179620.0,331500.0,274.06523559965984
179660.0,331500.0,258.97865792856413
179700.0,331500.0,188.94398584375128
179740.0,331500.0,177.5918645236728
179780.0,331500.0,173.5690516734929
179820.0,331500.0,175.6365523562377
179860.0,331500.0,167.34258526269886
179900.0,331500.0,189.43533800088906
179940.0,331500.0,155.1954899420249
179980.0,331500.0,156.02832336743526
180020.0,331500.0,167.6320483393023
180060.0,331500.0,178.07582341795785
180100.0,331500.0,168.37149210919662
180140.0,331500.0,151.69033183349285
180180.0,331500.0,241.21972793085965
180220.0,331500.0,141.65987505350142
180260.0,331500.0,140.03851489150563
180300.0,331500.0,150.7169059220712
180340.0,331500.0,148.12725614073548
180380.0,331500.0,128.66253624537512
180420.0,331500.0,126.3300143634962
180460.0,331500.0,126.3300143634962
180500.0,331500.0,136.2321626620867
180540.0,331500.0,133.67555340346914
180580.0,331500.0,133.67555340346914
180620.0,331500.0,133.67555340346914
180660.0,331500.0,133.67555340346914
180700.0,331500.0,133.67555340346914
179380.0,331460.0,1071.1530914214607
179420.0,331460.0,785.444916168621
179460.0,331460.0,603.9012336722378
179500.0,331460.0,393.24849062384163
179540.0,331460.0,376.33677264148076
179580.0,331460.0,319.48453179270706
179620.0,331460.0,291.7661665822562
179660.0,331460.0,258.97865792856413
179700.0,331460.0,179.21653074073646
179740.0,331460.0,179.1121696616725
179780.0,331460.0,173.6395280755905
179820.0,331460.0,175.6365523562377
179860.0,331460.0,167.05869075275612
179900.0,331460.0,164.93100923734235
179940.0,331460.0,159.37096348904868
179980.0,331460.0,162.9315236392135
180020.0,331460.0,175.41876967374725
180060.0,331460.0,177.36143526611195
180100.0,331460.0,161.21900842769685
180140.0,331460.0,157.8617764598189
180180.0,331460.0,241.21972793085965
180220.0,331460.0,150.7169059220712
180260.0,331460.0,149.16369934246515
180300.0,331460.0,148.12725614073548
180340.0,331460.0,147.63248581775483
180380.0,331460.0,137.78161964129998
180420.0,331460.0,121.8302041565923
180460.0,331460.0,121.8302041565923
180500.0,331460.0,133.67555340346914
180540.0,331460.0,133.67555340346914
180580.0,331460.0,133.67555340346914
180620.0,331460.0,133.67555340346914
180660.0,331460.0,133.67555340346914
179340.0,331420.0,1053.8306982683
179380.0,331420.0,832.4949245536206
179420.0,331420.0,626.8202822586612
179460.0,331420.0,308.15749337055877
179500.0,331420.0,312.95161706019076
179540.0,331420.0,330.22398081849053
179580.0,331420.0,274.06523559965984
179620.0,331420.0,294.73674642266786
179660.0,331420.0,185.29399461339608
179700.0,331420.0,176.44936559563618
179740.0,331420.0,173.60994370601696
179780.0,331420.0,174.75577063546962
179820.0,331420.0,175.6365523562377
179860.0,331420.0,167.05869075275612
179900.0,331420.0,156.3842465634564
179940.0,331420.0,155.89938343539842
179980.0,331420.0,166.236738373841
180020.0,331420.0,176.30524033495593
180060.0,331420.0,172.5223219161818
180100.0,331420.0,163.50053117272589
180140.0,331420.0,149.16736015709586
180180.0,331420.0,241.21972793085965
180220.0,331420.0,150.7169059220712
180260.0,331420.0,148.12725614073548
180300.0,331420.0,145.73947091381802
180340.0,331420.0,145.73947091381802
180380.0,331420.0,133.67555340346914
180420.0,331420.0,121.8302041565923
180460.0,331420.0,133.67555340346914
180500.0,331420.0,133.67555340346914
180540.0,331420.0,133.67555340346914
180580.0,331420.0,133.67555340346914
180620.0,331420.0,133.67555340346914
180660.0,331420.0,133.67555340346914
179300.0,331380.0,1053.8306982683
179340.0,331380.0,832.4949245536206
179380.0,331380.0,544.6472780654118
179420.0,331380.0,603.9012336722378
179460.0,331380.0,563.5572073314568
179500.0,331380.0,376.33677264148076
179540.0,331380.0,319.48453179270706
179580.0,331380.0,280.1983150686763
179620.0,331380.0,272.67938884000455
179660.0,331380.0,204.57733170931257
179700.0,331380.0,175.17870203448783
179740.0,331380.0,173.60994370601696
179780.0,331380.0,175.69176423650356
179820.0,331380.0,176.6473387885818
179860.0,331380.0,166.96619248497163
179900.0,331380.0,156.3842465634564
179940.0,331380.0,156.02832336743526
179980.0,331380.0,174.29792168235954
180020.0,331380.0,178.07582341795785
180060.0,331380.0,168.37149210919662
180100.0,331380.0,157.8617764598189
180140.0,331380.0,148.1147838269719
180180.0,331380.0,140.03851489150563
180220.0,331380.0,150.7169059220712
180260.0,331380.0,147.63248581775483
180300.0,331380.0,144.31334775906095
180340.0,331380.0,142.107893714455
180380.0,331380.0,133.67555340346914
180420.0,331380.0,133.67555340346914
180460.0,331380.0,133.67555340346914
180500.0,331380.0,133.67555340346914
180540.0,331380.0,133.67555340346914
180580.0,331380.0,133.67555340346914
180620.0,331380.0,133.67555340346914
179260.0,331340.0,1053.8306982683
179300.0,331340.0,832.4949245536206
179340.0,331340.0,796.1192561054077
179380.0,331340.0,1040.129730325556
179420.0,331340.0,406.7591414402808
179460.0,331340.0,318.6253841043697
179500.0,331340.0,320.6162001478031
179540.0,331340.0,266.2289417507987
179580.0,331340.0,272.8582710629251
179620.0,331340.0,221.5851517600288
179660.0,331340.0,167.7913098131322
179700.0,331340.0,169.32330874020104
179740.0,331340.0,157.45370110925174
179780.0,331340.0,164.24480453209668
179820.0,331340.0,174.20387479717323
179860.0,331340.0,177.27486604998867
179900.0,331340.0,156.3842465634564
179940.0,331340.0,156.02832336743526
179980.0,331340.0,175.41876967374725
180020.0,331340.0,179.7797668019222
180060.0,331340.0,161.15358671813368
180100.0,331340.0,151.69033183349285
180140.0,331340.0,143.0621453303427
180180.0,331340.0,140.03851489150563
180220.0,331340.0,137.1913019993898
180260.0,331340.0,135.58006163276673
180300.0,331340.0,142.107893714455
180340.0,331340.0,133.67555340346914
180380.0,331340.0,133.67555340346914
180420.0,331340.0,133.67555340346914
180460.0,331340.0,133.67555340346914
180500.0,331340.0,133.67555340346914
180540.0,331340.0,133.67555340346914
180580.0,331340.0,133.67555340346914
180620.0,331340.0,133.67555340346914
179220.0,331300.0,1053.8306982683
179260.0,331300.0,832.4949245536206
179300.0,331300.0,796.1192561054077
179340.0,331300.0,1040.129730325556
179380.0,331300.0,588.5048454139829
179420.0,331300.0,318.6253841043697
179460.0,331300.0,323.2814951506671
179500.0,331300.0,313.52016517951154
179540.0,331300.0,280.07475274502787
179580.0,331300.0,258.97865792856413
179620.0,331300.0,192.68250562015885
179660.0,331300.0,162.6863647104553
179700.0,331300.0,159.91594169735376
179740.0,331300.0,157.57603956423327
179780.0,331300.0,164.31668528137558
179820.0,331300.0,174.20387479717323
179860.0,331300.0,190.50732949612808
179900.0,331300.0,158.09006591941935
179940.0,331300.0,156.02832336743526
179980.0,331300.0,175.41876967374725
180020.0,331300.0,172.5223219161818
180060.0,331300.0,159.2034581425027
180100.0,331300.0,149.16736015709586
180140.0,331300.0,142.44382219165854
180180.0,331300.0,139.1214485767242
180220.0,331300.0,136.1312853192309
180260.0,331300.0,133.2787832098207
180300.0,331300.0,142.107893714455
180340.0,331300.0,133.67555340346914
180380.0,331300.0,133.67555340346914
180420.0,331300.0,133.67555340346914
180460.0,331300.0,133.67555340346914
180500.0,331300.0,133.67555340346914
180540.0,331300.0,133.67555340346914
180580.0,331300.0,133.67555340346914
179180.0,331260.0,1053.8306982683
179220.0,331260.0,832.4949245536206
179260.0,331260.0,796.1192561054077
179300.0,331260.0,1040.129730325556
179340.0,331260.0,590.7307542769809
179380.0,331260.0,507.7686264031577
179420.0,331260.0,495.12739921716627
179460.0,331260.0,313.52016517951154
179500.0,331260.0,271.18886196030434
179540.0,331260.0,272.8582710629251
179580.0,331260.0,185.29399461339608
179620.0,331260.0,165.54947799386596
179660.0,331260.0,169.32330874020104
179700.0,331260.0,160.1730724730264
179740.0,331260.0,160.67064637738983
179780.0,331260.0,172.14112628133307
179820.0,331260.0,167.34258526269886
179860.0,331260.0,189.43533800088906
179900.0,331260.0,159.37096348904868
179940.0,331260.0,163.4188016933896
179980.0,331260.0,175.56371774905523
180020.0,331260.0,174.18069626390965
180060.0,331260.0,149.34154812949222
180100.0,331260.0,140.11839971548008
180140.0,331260.0,133.9438663433863
180180.0,331260.0,132.39403199443205
180220.0,331260.0,128.66253624537512
180260.0,331260.0,126.3300143634962
180300.0,331260.0,133.67555340346914
180340.0,331260.0,133.67555340346914
180380.0,331260.0,133.67555340346914
180420.0,331260.0,133.67555340346914
180460.0,331260.0,133.67555340346914
180500.0,331260.0,133.67555340346914
180540.0,331260.0,133.67555340346914
180580.0,331260.0,133.67555340346914
179140.0,331220.0,1053.8306982683
179180.0,331220.0,832.4949245536206
179220.0,331220.0,796.1192561054077
179260.0,331220.0,1040.129730325556
179300.0,331220.0,590.7307542769809
179340.0,331220.0,536.4283080399018
179380.0,331220.0,552.1585422120875
179420.0,331220.0,494.1831696677695
179460.0,331220.0,271.18886196030434
179500.0,331220.0,272.8582710629251
179540.0,331220.0,208.61652140330213
179580.0,331220.0,204.57733170931257
179620.0,331220.0,164.58155213289368
179660.0,331220.0,159.91594169735376
179700.0,331220.0,157.57603956423327
179740.0,331220.0,166.21340192203118
179780.0,331220.0,168.57813101803058
179820.0,331220.0,171.30798956526738
179860.0,331220.0,164.93100923734235
179900.0,331220.0,159.37096348904868
179940.0,331220.0,166.236738373841
179980.0,331220.0,182.63731778368225
180020.0,331220.0,174.04727054474304
180060.0,331220.0,149.34154812949222
180100.0,331220.0,140.00123958087204
180140.0,331220.0,132.39403199443205
180180.0,331220.0,129.23493993185184
180220.0,331220.0,128.66253624537512
180260.0,331220.0,121.8302041565923
180300.0,331220.0,121.8302041565923
180340.0,331220.0,121.8302041565923
180380.0,331220.0,133.67555340346914
180420.0,331220.0,133.67555340346914
180460.0,331220.0,133.67555340346914
180500.0,331220.0,133.67555340346914
180540.0,331220.0,133.67555340346914
179140.0,331180.0,1128.167069973478
179180.0,331180.0,793.9457126286436
179220.0,331180.0,1040.129730325556
179260.0,331180.0,590.7307542769809
179300.0,331180.0,536.4283080399018
179340.0,331180.0,552.1585422120875
179380.0,331180.0,494.1831696677695
179420.0,331180.0,409.406345430632
179460.0,331180.0,448.920229495878
179500.0,331180.0,221.5851517600288
179540.0,331180.0,204.57733170931257
179580.0,331180.0,173.63556270264544
179620.0,331180.0,169.32330874020104
179660.0,331180.0,157.45370110925174
179700.0,331180.0,164.24480453209668
179740.0,331180.0,172.08147341663118
179780.0,331180.0,164.31784262740828
179820.0,331180.0,190.50732949612808
179860.0,331180.0,155.20941547493257
179900.0,331180.0,155.89938343539842
179940.0,331180.0,172.62896267674867
179980.0,331180.0,180.43972344528245
180020.0,331180.0,160.2325025976651
180060.0,331180.0,149.34154812949222
180100.0,331180.0,140.00123958087204
180140.0,331180.0,132.39403199443205
180180.0,331180.0,129.23493993185184
180220.0,331180.0,126.3300143634962
180260.0,331180.0,121.8302041565923
180300.0,331180.0,121.8302041565923
180340.0,331180.0,121.8302041565923
180380.0,331180.0,133.67555340346914
180420.0,331180.0,133.67555340346914
180460.0,331180.0,133.67555340346914
180500.0,331180.0,133.67555340346914
180540.0,331180.0,133.67555340346914
179100.0,331140.0,1053.8306982683
179140.0,331140.0,832.4949245536206
179180.0,331140.0,1128.681410580685
179220.0,331140.0,607.2120847414421
179260.0,331140.0,536.4283080399018
179300.0,331140.0,552.1585422120875
179340.0,331140.0,494.1831696677695
179380.0,331140.0,409.406345430632
179420.0,331140.0,448.920229495878
179460.0,331140.0,507.0292429613459
179500.0,331140.0,427.7590978418632
179540.0,331140.0,173.63556270264544
179580.0,331140.0,181.59408717033693
179620.0,331140.0,160.1730724730264
179660.0,331140.0,157.57603956423327
179700.0,331140.0,164.31668528137558
179740.0,331140.0,168.57813101803058
179780.0,331140.0,168.1297413420709
179820.0,331140.0,174.66131283248043
179860.0,331140.0,159.37096348904868
179900.0,331140.0,170.0511577867132
179940.0,331140.0,179.2436631190917
179980.0,331140.0,180.43972344528245
180020.0,331140.0,159.85621457964032
180060.0,331140.0,152.84205026973711
180100.0,331140.0,140.00123958087204
180140.0,331140.0,132.39403199443205
180180.0,331140.0,128.66253624537512
180220.0,331140.0,124.59781642996134
180260.0,331140.0,121.8302041565923
180300.0,331140.0,121.8302041565923
180340.0,331140.0,121.8302041565923
180380.0,331140.0,133.67555340346914
180420.0,331140.0,133.67555340346914
180460.0,331140.0,133.67555340346914
180500.0,331140.0,133.67555340346914
179100.0,331100.0,1053.8306982683
179140.0,331100.0,785.444916168621
179180.0,331100.0,1040.129730325556
179220.0,331100.0,516.7430030731508
179260.0,331100.0,546.7628791323249
179300.0,331100.0,494.1831696677695
179340.0,331100.0,409.406345430632
179380.0,331100.0,448.920229495878
179420.0,331100.0,507.0292429613459
179460.0,331100.0,427.7590978418632
179500.0,331100.0,416.9518921742645
179540.0,331100.0,181.59408717033693
179580.0,331100.0,173.81295316087548
179620.0,331100.0,157.57603956423327
179660.0,331100.0,166.21340192203118
179700.0,331100.0,172.08147341663118
179740.0,331100.0,165.46918225818845
179780.0,331100.0,182.38729719066208
179820.0,331100.0,155.1954899420249
179860.0,331100.0,162.5409790682476
179900.0,331100.0,172.62896267674867
179940.0,331100.0,180.90153159834747
179980.0,331100.0,181.43880857126933
180020.0,331100.0,159.7913458836713
180060.0,331100.0,152.84205026973711
180100.0,331100.0,146.9767151452073
180140.0,331100.0,132.39403199443205
180180.0,331100.0,128.66253624537512
180220.0,331100.0,121.8302041565923
180260.0,331100.0,121.8302041565923
180300.0,331100.0,121.8302041565923
180340.0,331100.0,121.8302041565923
180380.0,331100.0,133.67555340346914
180420.0,331100.0,133.67555340346914
180460.0,331100.0,133.67555340346914
180500.0,331100.0,133.67555340346914
179100.0,331060.0,1071.1530914214607
179140.0,331060.0,785.444916168621
179180.0,331060.0,603.4949504896713
179220.0,331060.0,559.7493734216422
179260.0,331060.0,507.3493524864984
179300.0,331060.0,403.6778604812378
179340.0,331060.0,448.920229495878
179380.0,331060.0,507.0292429613459
179420.0,331060.0,427.7590978418632
179460.0,331060.0,416.9518921742645
179500.0,331060.0,289.6472038253371
179540.0,331060.0,225.49522573481093
179580.0,331060.0,209.65265914258154
179620.0,331060.0,166.21340192203118
179660.0,331060.0,169.89422995184793
179700.0,331060.0,164.31784262740828
179740.0,331060.0,168.1297413420709
179780.0,331060.0,163.93842397742816
179820.0,331060.0,161.9797892483384
179860.0,331060.0,170.0511577867132
179900.0,331060.0,174.21918918326276
179940.0,331060.0,180.43972344528245
179980.0,331060.0,167.9798713762215
180020.0,331060.0,159.2034581425027
180060.0,331060.0,152.84205026973711
180100.0,331060.0,144.3276532765566
180140.0,331060.0,141.2098132908223
180180.0,331060.0,128.66253624537512
180220.0,331060.0,121.8302041565923
180260.0,331060.0,121.8302041565923
180300.0,331060.0,121.8302041565923
180340.0,331060.0,121.8302041565923
180380.0,331060.0,133.67555340346914
180420.0,331060.0,133.67555340346914
180460.0,331060.0,133.67555340346914
179060.0,331020.0,1053.8306982683
179100.0,331020.0,1128.167069973478
179140.0,331020.0,627.5100728476267
179180.0,331020.0,603.4949504896713
179220.0,331020.0,514.4395171266164
179260.0,331020.0,495.9627069884893
179300.0,331020.0,424.9100918911763
179340.0,331020.0,275.34585593631255
179380.0,331020.0,263.88212682137845
179420.0,331020.0,243.65831288052053
179460.0,331020.0,289.6472038253371
179500.0,331020.0,225.49522573481093
179540.0,331020.0,209.65265914258154
179580.0,331020.0,225.63284938351137
179620.0,331020.0,182.17177790653685
179660.0,331020.0,220.04939129694807
179700.0,331020.0,237.38033731973272
179740.0,331020.0,172.63403059318938
179780.0,331020.0,157.69742503188894
179820.0,331020.0,161.40890537735254
179860.0,331020.0,172.62896267674867
179900.0,331020.0,180.90153159834747
179940.0,331020.0,179.69643209063565
179980.0,331020.0,159.85621457964032
180020.0,331020.0,153.73968971340415
180060.0,331020.0,148.46234003739065
180100.0,331020.0,144.3276532765566
180140.0,331020.0,141.2098132908223
180180.0,331020.0,126.3300143634962
180220.0,331020.0,124.59781642996134
180260.0,331020.0,121.8302041565923
180300.0,331020.0,121.8302041565923
180340.0,331020.0,133.67555340346914
180380.0,331020.0,133.67555340346914
180420.0,331020.0,133.67555340346914
180460.0,331020.0,133.67555340346914
178980.0,330980.0,1053.8306982683
179020.0,330980.0,1053.8306982683
179060.0,330980.0,832.4949245536206
179100.0,330980.0,785.444916168621
179140.0,330980.0,1128.681410580685
179180.0,330980.0,585.4453666835242
179220.0,330980.0,376.33677264148076
179260.0,330980.0,274.06523559965984
179300.0,330980.0,414.83442092321917
179340.0,330980.0,251.3272523539415
179380.0,330980.0,243.65831288052053
179420.0,330980.0,289.6472038253371
179460.0,330980.0,225.49522573481093
179500.0,330980.0,209.65265914258154
179540.0,330980.0,184.20009689338505
179580.0,330980.0,182.17177790653685
179620.0,330980.0,311.1730336851162
179660.0,330980.0,326.43815224907917
179700.0,330980.0,202.52999875615387
179740.0,330980.0,195.13379399964364
179780.0,330980.0,162.5409790682476
179820.0,330980.0,170.0511577867132
179860.0,330980.0,179.2436631190917
179900.0,330980.0,180.43972344528245
179940.0,330980.0,167.9798713762215
179980.0,330980.0,159.91697585112428
180020.0,330980.0,152.84205026973711
180060.0,330980.0,147.47664864434995
180100.0,330980.0,142.93396342716872
180140.0,330980.0,141.2098132908223
180180.0,330980.0,128.66253624537512
180220.0,330980.0,128.66253624537512
180260.0,330980.0,128.66253624537512
180300.0,330980.0,128.66253624537512
180340.0,330980.0,139.70380497305177
180380.0,330980.0,139.70380497305177
180420.0,330980.0,139.70380497305177
178900.0,330940.0,1053.8306982683
178940.0,330940.0,1071.1530914214607
178980.0,330940.0,832.4949245536206
179020.0,330940.0,785.444916168621
179060.0,330940.0,544.6472780654118
179100.0,330940.0,1040.129730325556
179140.0,330940.0,603.4949504896713
179180.0,330940.0,500.26523218953866
179220.0,330940.0,330.36400971925974
179260.0,330940.0,274.06523559965984
179300.0,330940.0,345.0536984569378
179340.0,330940.0,263.88212682137845
179380.0,330940.0,249.3343861959562
179420.0,330940.0,173.81295316087548
179460.0,330940.0,209.65265914258154
179500.0,330940.0,225.63284938351137
179540.0,330940.0,182.17177790653685
179580.0,330940.0,168.86401736383436
179620.0,330940.0,214.92366033131202
179660.0,330940.0,312.9280909856204
179700.0,330940.0,195.13379399964364
179740.0,330940.0,196.11638130799975
179780.0,330940.0,170.0511577867132
179820.0,330940.0,174.21918918326276
179860.0,330940.0,193.74879887030542
179900.0,330940.0,181.43880857126933
179940.0,330940.0,159.7913458836713
179980.0,330940.0,153.73968971340415
180020.0,330940.0,152.04074029794324
180060.0,330940.0,144.3276532765566
180100.0,330940.0,142.93396342716872
180140.0,330940.0,142.93396342716872
180180.0,330940.0,142.93396342716872
180220.0,330940.0,132.39403199443205
180260.0,330940.0,132.39403199443205
180300.0,330940.0,142.93396342716872
180340.0,330940.0,142.93396342716872
180380.0,330940.0,142.93396342716872
180420.0,330940.0,132.39403199443205
178860.0,330900.0,1053.8306982683
178900.0,330900.0,1071.1530914214607
178940.0,330900.0,542.4710709608831
178980.0,330900.0,1021.5799527084118
179020.0,330900.0,603.9012336722378
179060.0,330900.0,308.15749337055877
179100.0,330900.0,393.24849062384163
179140.0,330900.0,536.4283080399018
179180.0,330900.0,376.33677264148076
179220.0,330900.0,326.74454137533576
179260.0,330900.0,291.7661665822562
179300.0,330900.0,258.97865792856413
179340.0,330900.0,179.21653074073646
179380.0,330900.0,181.52622954273963
179420.0,330900.0,175.3684752275576
179460.0,330900.0,184.20009689338505
179500.0,330900.0,180.63031368459883
179540.0,330900.0,220.04939129694807
179580.0,330900.0,214.92366033131202
179620.0,330900.0,202.52999875615387
179660.0,330900.0,195.13379399964364
179700.0,330900.0,278.3127881473045
179740.0,330900.0,196.5544425788391
179780.0,330900.0,235.63701266222265
179820.0,330900.0,193.74879887030542
179860.0,330900.0,191.54850342596575
179900.0,330900.0,171.81819575025142
179940.0,330900.0,159.2034581425027
179980.0,330900.0,152.84205026973711
180020.0,330900.0,148.46234003739065
180060.0,330900.0,148.4156255604614
180100.0,330900.0,148.4156255604614
180140.0,330900.0,148.4156255604614
180180.0,330900.0,140.074310704427
180220.0,330900.0,140.074310704427
180260.0,330900.0,140.074310704427
180300.0,330900.0,148.4156255604614
180340.0,330900.0,140.074310704427
180380.0,330900.0,140.074310704427
180420.0,330900.0,140.074310704427
178820.0,330860.0,1053.8306982683
178860.0,330860.0,1071.1530914214607
178900.0,330860.0,769.8915062056693
178940.0,330860.0,627.4753807040338
178980.0,330860.0,454.0525944163418
179020.0,330860.0,563.5572073314568
179060.0,330860.0,559.7493734216422
179100.0,330860.0,376.33677264148076
179140.0,330860.0,552.1585422120875
179180.0,330860.0,319.48453179270706
179220.0,330860.0,274.06523559965984
179260.0,330860.0,292.2688430829924
179300.0,330860.0,195.4546387818845
179340.0,330860.0,176.44936559563618
179380.0,330860.0,173.60994370601696
179420.0,330860.0,207.2529095951631
179460.0,330860.0,219.50093818652968
179500.0,330860.0,229.5542255988882
179540.0,330860.0,237.38033731973272
179580.0,330860.0,228.52176366066826
179620.0,330860.0,203.60023318565098
179660.0,330860.0,207.94515805632264
179700.0,330860.0,207.43258669912998
179740.0,330860.0,211.22400821995407
179780.0,330860.0,267.5874086334425
179820.0,330860.0,204.2398203976535
179860.0,330860.0,183.15290716085335
179900.0,330860.0,159.91697585112428
179940.0,330860.0,159.2034581425027
179980.0,330860.0,153.79318625420902
180020.0,330860.0,157.8617764598189
180060.0,330860.0,153.79318625420902
180100.0,330860.0,153.79318625420902
180140.0,330860.0,153.79318625420902
180180.0,330860.0,149.34154812949222
180220.0,330860.0,149.34154812949222
180260.0,330860.0,149.34154812949222
180300.0,330860.0,149.34154812949222
180340.0,330860.0,149.34154812949222
180380.0,330860.0,149.34154812949222
180420.0,330860.0,149.28960007887986
178820.0,330820.0,1071.1530914214607
178860.0,330820.0,542.4710709608831
178900.0,330820.0,627.4753807040338
178940.0,330820.0,791.5543001139207
178980.0,330820.0,563.5572073314568
179020.0,330820.0,489.66377794485834
179060.0,330820.0,507.3493524864984
179100.0,330820.0,319.48453179270706
179140.0,330820.0,440.0421085988374
179180.0,330820.0,280.1983150686763
179220.0,330820.0,285.8914390123786
179260.0,330820.0,272.67938884000455
179300.0,330820.0,238.64997228601962
179340.0,330820.0,260.11789464048036
179380.0,330820.0,190.8824371844648
179420.0,330820.0,219.7406351633459
179460.0,330820.0,240.40002627442442
179500.0,330820.0,233.46199826517986
179540.0,330820.0,230.02090652729117
179580.0,330820.0,203.60023318565098
179620.0,330820.0,207.94515805632264
179660.0,330820.0,207.43258669912998
179700.0,330820.0,211.22400821995407
179740.0,330820.0,220.60130372478142
179780.0,330820.0,224.03400675544904
179820.0,330820.0,205.05718284319022
179860.0,330820.0,366.13169052230154
179900.0,330820.0,366.13169052230154
179940.0,330820.0,180.99759040387147
179980.0,330820.0,179.7797668019222
180020.0,330820.0,179.7797668019222
180060.0,330820.0,181.43880857126933
180100.0,330820.0,181.43880857126933
180140.0,330820.0,191.42995862893136
180180.0,330820.0,191.42995862893136
180220.0,330820.0,191.42995862893136
180260.0,330820.0,191.42995862893136
180300.0,330820.0,191.42995862893136
180340.0,330820.0,191.42995862893136
180380.0,330820.0,191.42995862893136
178780.0,330780.0,1053.8306982683
178820.0,330780.0,832.4949245536206
178860.0,330780.0,626.8202822586612
178900.0,330780.0,454.0525944163418
178940.0,330780.0,521.6480938560835
178980.0,330780.0,372.2589588983844
179020.0,330780.0,507.3493524864984
179060.0,330780.0,297.23623790659036
179100.0,330780.0,291.7661665822562
179140.0,330780.0,467.63735080622854
179180.0,330780.0,272.67938884000455
179220.0,330780.0,221.5851517600288
179260.0,330780.0,241.73943682048287
179300.0,330780.0,190.80155409914082
179340.0,330780.0,265.6910009206005
179380.0,330780.0,199.88552874598813
179420.0,330780.0,246.12183926750282
179460.0,330780.0,230.8225704813804
179500.0,330780.0,236.46187243778118
179540.0,330780.0,205.7763421412724
179580.0,330780.0,207.94515805632264
179620.0,330780.0,207.43258669912998
179660.0,330780.0,211.22400821995407
179700.0,330780.0,218.50791133589865
179740.0,330780.0,219.61399859824934
179780.0,330780.0,218.50791133589865
179820.0,330780.0,199.5079096081072
179860.0,330780.0,324.35745823329637
179900.0,330780.0,324.35745823329637
179940.0,330780.0,174.29792168235954
179980.0,330780.0,174.29792168235954
180020.0,330780.0,174.29792168235954
180060.0,330780.0,179.2436631190917
180100.0,330780.0,179.2436631190917
180140.0,330780.0,192.50117375417418
180180.0,330780.0,192.50117375417418
180220.0,330780.0,192.50117375417418
180260.0,330780.0,192.50117375417418
180300.0,330780.0,192.50117375417418
180340.0,330780.0,192.50117375417418
180380.0,330780.0,192.50117375417418
178740.0,330740.0,1053.8306982683
178780.0,330740.0,832.4949245536206
178820.0,330740.0,544.6472780654118
178860.0,330740.0,603.9012336722378
178900.0,330740.0,521.6480938560835
178940.0,330740.0,372.2589588983844
178980.0,330740.0,329.50640759630727
179020.0,330740.0,480.29478474134066
179060.0,330740.0,291.7661665822562
179100.0,330740.0,566.6702397311695
179140.0,330740.0,195.4546387818845
179180.0,330740.0,241.73943682048287
179220.0,330740.0,200.89721964941674
179260.0,330740.0,183.58449187091622
179300.0,330740.0,202.58897533123738
179340.0,330740.0,190.8824371844648
179380.0,330740.0,206.7311343192259
179420.0,330740.0,238.7618160881714
179460.0,330740.0,230.8225704813804
179500.0,330740.0,224.0239925094118
179540.0,330740.0,203.60023318565098
179580.0,330740.0,205.692563512583
179620.0,330740.0,207.47667391561052
179660.0,330740.0,205.692563512583
179700.0,330740.0,205.692563512583
179740.0,330740.0,205.692563512583
179780.0,330740.0,205.692563512583
179820.0,330740.0,205.692563512583
179860.0,330740.0,277.8942214783233
179900.0,330740.0,205.692563512583
179940.0,330740.0,155.98042745519078
179980.0,330740.0,155.98042745519078
180020.0,330740.0,161.4035657464338
180060.0,330740.0,172.3319389467691
180100.0,330740.0,172.3319389467691
180140.0,330740.0,172.3319389467691
180180.0,330740.0,172.3319389467691
180220.0,330740.0,172.3319389467691
180260.0,330740.0,172.3319389467691
180300.0,330740.0,172.3319389467691
180340.0,330740.0,172.3319389467691
180380.0,330740.0,172.3319389467691
178700.0,330700.0,1053.8306982683
178740.0,330700.0,832.4949245536206
178780.0,330700.0,796.1192561054077
178820.0,330700.0,1040.129730325556
178860.0,330700.0,590.7307542769809
178900.0,330700.0,312.95161706019076
178940.0,330700.0,329.50640759630727
178980.0,330700.0,297.23623790659036
179020.0,330700.0,291.7661665822562
179060.0,330700.0,272.7949994175844
179100.0,330700.0,388.9311195436776
179140.0,330700.0,210.07267525477593
179180.0,330700.0,189.71247837898002
179220.0,330700.0,202.58897533123738
179260.0,330700.0,190.8824371844648
179300.0,330700.0,193.1476808251621
179340.0,330700.0,206.63533953160632
179380.0,330700.0,246.12183926750282
179420.0,330700.0,237.857685709398
179460.0,330700.0,219.0644765503704
179500.0,330700.0,223.4247714494356
179540.0,330700.0,207.07649159619717
179580.0,330700.0,207.94515805632264
179620.0,330700.0,207.07649159619717
179660.0,330700.0,205.27298810461696
179700.0,330700.0,205.7763421412724
179740.0,330700.0,205.7763421412724
179780.0,330700.0,205.7763421412724
179820.0,330700.0,205.7763421412724
179860.0,330700.0,205.7763421412724
179900.0,330700.0,156.3842465634564
179940.0,330700.0,171.30227992997118
179980.0,330700.0,171.30227992997118
180020.0,330700.0,171.30227992997118
180060.0,330700.0,171.30227992997118
180100.0,330700.0,171.02429464099487
180140.0,330700.0,171.02429464099487
180180.0,330700.0,171.02429464099487
180220.0,330700.0,171.02429464099487
180260.0,330700.0,171.02429464099487
180300.0,330700.0,171.02429464099487
180340.0,330700.0,171.02429464099487
180380.0,330700.0,171.02429464099487
180420.0,330700.0,173.8953676532627
178700.0,330660.0,1071.1530914214607
178740.0,330660.0,785.444916168621
178780.0,330660.0,1040.129730325556
178820.0,330660.0,393.24849062384163
178860.0,330660.0,312.95161706019076
178900.0,330660.0,330.22398081849053
178940.0,330660.0,319.8626986781829
178980.0,330660.0,291.7661665822562
179020.0,330660.0,566.6702397311695
179060.0,330660.0,388.9311195436776
179100.0,330660.0,422.30911161725294
179140.0,330660.0,194.87711143352655
179180.0,330660.0,235.14692647263874
179220.0,330660.0,212.84143719236928
179260.0,330660.0,206.63533953160632
179300.0,330660.0,239.34319477100155
179340.0,330660.0,246.1878123071128
179380.0,330660.0,242.594007369995
179420.0,330660.0,230.8225704813804
179460.0,330660.0,216.95278374317758
179500.0,330660.0,202.12035348735728
179540.0,330660.0,205.27298810461696
179580.0,330660.0,203.60023318565098
179620.0,330660.0,228.52176366066826
179660.0,330660.0,258.65443736345594
179700.0,330660.0,243.86224507538944
179740.0,330660.0,233.46199826517986
179780.0,330660.0,232.6322509766927
179820.0,330660.0,232.6322509766927
179860.0,330660.0,232.6322509766927
179900.0,330660.0,170.4882861853293
179940.0,330660.0,170.4882861853293
179980.0,330660.0,170.4882861853293
180020.0,330660.0,170.4882861853293
180060.0,330660.0,170.4882861853293
180100.0,330660.0,170.4882861853293
180140.0,330660.0,165.6485045968805
180180.0,330660.0,165.6485045968805
180220.0,330660.0,165.6485045968805
180260.0,330660.0,165.6485045968805
180300.0,330660.0,165.6485045968805
180340.0,330660.0,170.4882861853293
180380.0,330660.0,170.4882861853293
180420.0,330660.0,170.4882861853293
178660.0,330620.0,1053.8306982683
178700.0,330620.0,832.4949245536206
178740.0,330620.0,626.8202822586612
178780.0,330620.0,308.15749337055877
178820.0,330620.0,312.95161706019076
178860.0,330620.0,330.22398081849053
178900.0,330620.0,319.8626986781829
178940.0,330620.0,280.1983150686763
178980.0,330620.0,285.8914390123786
179020.0,330620.0,388.70328724693877
179060.0,330620.0,210.07267525477593
179100.0,330620.0,194.87711143352655
179140.0,330620.0,192.79349597799347
179180.0,330620.0,213.3192894500028
179220.0,330620.0,211.81418532364978
179260.0,330620.0,238.7618160881714
179300.0,330620.0,242.61672862488376
179340.0,330620.0,230.8225704813804
179380.0,330620.0,220.04939129694807
179420.0,330620.0,215.00368455981564
179460.0,330620.0,223.4247714494356
179500.0,330620.0,197.06906741383995
179540.0,330620.0,201.60308112705934
179580.0,330620.0,223.4247714494356
179620.0,330620.0,237.38033731973272
179660.0,330620.0,225.5098005180631
179700.0,330620.0,235.37244395585597
179740.0,330620.0,234.9330899724958
179780.0,330620.0,219.50093818652968
179820.0,330620.0,219.50093818652968
179860.0,330620.0,219.50093818652968
179900.0,330620.0,238.28649257184287
179940.0,330620.0,238.28649257184287
179980.0,330620.0,183.3014175024401
180020.0,330620.0,183.3014175024401
180060.0,330620.0,183.3014175024401
180100.0,330620.0,183.3014175024401
180140.0,330620.0,167.70097918875265
180180.0,330620.0,167.70097918875265
180220.0,330620.0,167.70097918875265
180260.0,330620.0,167.70097918875265
180300.0,330620.0,183.3014175024401
180340.0,330620.0,183.3014175024401
180380.0,330620.0,183.3014175024401
180420.0,330620.0,183.3014175024401
178620.0,330580.0,1053.8306982683
178660.0,330580.0,832.4949245536206
178700.0,330580.0,796.1192561054077
178740.0,330580.0,603.9012336722378
178780.0,330580.0,563.5572073314568
178820.0,330580.0,376.33677264148076
178860.0,330580.0,319.48453179270706
178900.0,330580.0,280.1983150686763
178940.0,330580.0,285.8914390123786
178980.0,330580.0,221.5851517600288
179020.0,330580.0,427.7590978418632
179060.0,330580.0,434.66748569206334
179100.0,330580.0,394.73493684483674
179140.0,330580.0,200.47746638044705
179180.0,330580.0,211.81418532364978
179220.0,330580.0,219.407556507784
179260.0,330580.0,229.65843356515688
179300.0,330580.0,219.0644765503704
179340.0,330580.0,214.91321658539505
179380.0,330580.0,224.0239925094118
179420.0,330580.0,202.52999875615387
179460.0,330580.0,195.13379399964364
179500.0,330580.0,201.60308112705934
179540.0,330580.0,218.39729521613967
179580.0,330580.0,217.64043608170775
179620.0,330580.0,235.37244395585597
179660.0,330580.0,240.40002627442442
179700.0,330580.0,223.88917258418277
179740.0,330580.0,221.81109334183617
179780.0,330580.0,212.174099296357
179820.0,330580.0,213.61617209733592
179860.0,330580.0,201.98060803840295
179900.0,330580.0,201.98060803840295
179940.0,330580.0,201.98060803840295
179980.0,330580.0,175.2059583296906
180020.0,330580.0,175.2059583296906
180060.0,330580.0,175.2059583296906
180100.0,330580.0,175.2059583296906
180140.0,330580.0,157.99713843790497
180180.0,330580.0,157.99713843790497
180220.0,330580.0,157.99713843790497
180260.0,330580.0,175.2059583296906
180300.0,330580.0,175.2059583296906
180340.0,330580.0,175.2059583296906
180380.0,330580.0,175.2059583296906
180420.0,330580.0,175.2059583296906
178580.0,330540.0,1053.8306982683
178620.0,330540.0,832.4949245536206
178660.0,330540.0,544.6472780654118
178700.0,330540.0,603.9012336722378
178740.0,330540.0,393.24849062384163
178780.0,330540.0,312.95161706019076
178820.0,330540.0,329.50640759630727
178860.0,330540.0,274.06523559965984
178900.0,330540.0,285.8914390123786
178940.0,330540.0,221.5851517600288
178980.0,330540.0,241.73943682048287
179020.0,330540.0,252.0684319603697
179060.0,330540.0,462.86932395151723
179100.0,330540.0,212.84143719236928
179140.0,330540.0,211.81418532364978
179180.0,330540.0,219.407556507784
179220.0,330540.0,233.48840440230543
179260.0,330540.0,226.09765300448728
179300.0,330540.0,218.39729521613967
179340.0,330540.0,202.12035348735728
179380.0,330540.0,195.13379399964364
179420.0,330540.0,196.3975968499716
179460.0,330540.0,201.60308112705934
179500.0,330540.0,218.39729521613967
179540.0,330540.0,217.64043608170775
179580.0,330540.0,229.65843356515688
179620.0,330540.0,238.44753565335418
179660.0,330540.0,246.12183926750282
179700.0,330540.0,206.63533953160632
179740.0,330540.0,193.1476808251621
179780.0,330540.0,190.8824371844648
179820.0,330540.0,196.73296062946736
179860.0,330540.0,195.37786102002747
179900.0,330540.0,195.4484807100539
179940.0,330540.0,195.4484807100539
179980.0,330540.0,195.4484807100539
180020.0,330540.0,195.4484807100539
180060.0,330540.0,195.4484807100539
180100.0,330540.0,195.4484807100539
180140.0,330540.0,195.4484807100539
180180.0,330540.0,195.4484807100539
180220.0,330540.0,177.6560554322969
180260.0,330540.0,177.6560554322969
180300.0,330540.0,177.6560554322969
180340.0,330540.0,177.6560554322969
180380.0,330540.0,177.6560554322969
180420.0,330540.0,177.6560554322969
180460.0,330540.0,177.6560554322969
178540.0,330500.0,1053.8306982683
178580.0,330500.0,1128.167069973478
178620.0,330500.0,793.9457126286436
178660.0,330500.0,603.9012336722378
178700.0,330500.0,393.24849062384163
178740.0,330500.0,312.95161706019076
178780.0,330500.0,330.22398081849053
178820.0,330500.0,319.8626986781829
178860.0,330500.0,291.7661665822562
178900.0,330500.0,272.67938884000455
178940.0,330500.0,295.67405033968953
178980.0,330500.0,252.0684319603697
179020.0,330500.0,462.86932395151723
179060.0,330500.0,395.6604115557074
179100.0,330500.0,209.61979107201574
179140.0,330500.0,219.23162165791555
179180.0,330500.0,233.48840440230543
179220.0,330500.0,226.09765300448728
179260.0,330500.0,243.86224507538944
179300.0,330500.0,201.60308112705934
179340.0,330500.0,196.779200474062
179380.0,330500.0,196.4107903655904
179420.0,330500.0,201.60308112705934
179460.0,330500.0,218.39729521613967
179500.0,330500.0,217.64043608170775
179540.0,330500.0,229.65843356515688
179580.0,330500.0,238.44753565335418
179620.0,330500.0,221.6743802224376
179660.0,330500.0,200.47746638044705
179700.0,330500.0,190.8824371844648
179740.0,330500.0,202.58897533123738
179780.0,330500.0,183.58449187091622
179820.0,330500.0,200.89721964941674
179860.0,330500.0,213.39827078776892
179900.0,330500.0,210.13570138696505
179940.0,330500.0,210.13570138696505
179980.0,330500.0,210.13570138696505
180020.0,330500.0,210.13570138696505
180060.0,330500.0,210.13570138696505
180100.0,330500.0,210.13570138696505
180140.0,330500.0,210.13570138696505
180180.0,330500.0,210.13570138696505
180220.0,330500.0,190.81828578009865
180260.0,330500.0,190.81828578009865
180300.0,330500.0,190.81828578009865
180340.0,330500.0,190.81828578009865
180380.0,330500.0,190.81828578009865
180420.0,330500.0,190.81828578009865
180460.0,330500.0,190.81828578009865
178540.0,330460.0,1071.1530914214607
178580.0,330460.0,769.8915062056693
178620.0,330460.0,632.7435741540219
178660.0,330460.0,386.16287453741177
178700.0,330460.0,312.95161706019076
178740.0,330460.0,330.22398081849053
178780.0,330460.0,319.8626986781829
178820.0,330460.0,280.1983150686763
178860.0,330460.0,321.87297658811025
178900.0,330460.0,220.09028857726753
178940.0,330460.0,256.2532680450884
178980.0,330460.0,277.7049606277938
179020.0,330460.0,232.61122588347024
179060.0,330460.0,209.61979107201574
179100.0,330460.0,246.1878123071128
179140.0,330460.0,242.594007369995
179180.0,330460.0,226.09765300448728
179220.0,330460.0,243.86224507538944
179260.0,330460.0,212.05250462964807
179300.0,330460.0,207.35551660475508
179340.0,330460.0,207.94515805632264
179380.0,330460.0,197.06906741383995
179420.0,330460.0,218.39729521613967
179460.0,330460.0,217.64043608170775
179500.0,330460.0,229.65843356515688
179540.0,330460.0,238.44753565335418
179580.0,330460.0,221.6743802224376
179620.0,330460.0,200.47746638044705
179660.0,330460.0,192.79349597799347
179700.0,330460.0,194.87711143352655
179740.0,330460.0,190.80155409914082
179780.0,330460.0,241.73943682048287
179820.0,330460.0,221.5851517600288
179860.0,330460.0,272.67938884000455
179900.0,330460.0,281.2428088049939
179940.0,330460.0,292.2688430829924
179980.0,330460.0,292.2688430829924
180020.0,330460.0,292.2688430829924
180060.0,330460.0,292.2688430829924
180100.0,330460.0,292.2688430829924
180140.0,330460.0,292.2688430829924
180180.0,330460.0,292.2688430829924
180220.0,330460.0,292.2688430829924
180260.0,330460.0,280.44301987798707
180300.0,330460.0,280.44301987798707
180340.0,330460.0,393.97672423214726
180380.0,330460.0,280.44301987798707
180420.0,330460.0,280.44301987798707
180460.0,330460.0,280.44301987798707
180500.0,330460.0,269.92473627763115
178500.0,330420.0,1053.8306982683
178540.0,330420.0,832.4949245536206
178580.0,330420.0,1021.5799527084118
178620.0,330420.0,454.0525944163418
178660.0,330420.0,500.26523218953866
178700.0,330420.0,330.1075039820602
178740.0,330420.0,319.8626986781829
178780.0,330420.0,280.1983150686763
178820.0,330420.0,285.8914390123786
178860.0,330420.0,247.56348808507673
178900.0,330420.0,295.67405033968953
178940.0,330420.0,260.11789464048036
178980.0,330420.0,230.9972942513337
179020.0,330420.0,206.63533953160632
179060.0,330420.0,246.1878123071128
179100.0,330420.0,240.40002627442442
179140.0,330420.0,225.5098005180631
179180.0,330420.0,214.92366033131202
179220.0,330420.0,213.30782176516655
179260.0,330420.0,207.35551660475508
179300.0,330420.0,206.53433397565476
179340.0,330420.0,203.60023318565098
179380.0,330420.0,203.4495729437919
179420.0,330420.0,216.95278374317758
179460.0,330420.0,229.65843356515688
179500.0,330420.0,238.44753565335418
179540.0,330420.0,221.6743802224376
179580.0,330420.0,200.47746638044705
179620.0,330420.0,192.79349597799347
179660.0,330420.0,194.87711143352655
179700.0,330420.0,210.07267525477593
179740.0,330420.0,196.43547887174984
179780.0,330420.0,272.67938884000455
179820.0,330420.0,285.8914390123786
179860.0,330420.0,280.1983150686763
179900.0,330420.0,274.06523559965984
179940.0,330420.0,300.36669569553453
179980.0,330420.0,326.74454137533576
180020.0,330420.0,328.69546393706713
180060.0,330420.0,328.69546393706713
180100.0,330420.0,328.69546393706713
180140.0,330420.0,328.69546393706713
180180.0,330420.0,328.69546393706713
180220.0,330420.0,328.69546393706713
180260.0,330420.0,319.9174946807926
180300.0,330420.0,459.9406692917194
180340.0,330420.0,459.9406692917194
180380.0,330420.0,459.9406692917194
180420.0,330420.0,318.38209650631114
180460.0,330420.0,296.7679910573772
180500.0,330420.0,266.2289417507987
180540.0,330420.0,278.94413481318963
178500.0,330380.0,1071.1530914214607
178540.0,330380.0,785.444916168621
178580.0,330380.0,603.9012336722378
178620.0,330380.0,563.5572073314568
178660.0,330380.0,372.2589588983844
178700.0,330380.0,326.74454137533576
178740.0,330380.0,280.1983150686763
178780.0,330380.0,285.8914390123786
178820.0,330380.0,247.56348808507673
178860.0,330380.0,295.67405033968953
178900.0,330380.0,252.0684319603697
178940.0,330380.0,278.1527720130545
178980.0,330380.0,199.88552874598813
179020.0,330380.0,246.12183926750282
179060.0,330380.0,240.40002627442442
179100.0,330380.0,225.5098005180631
179140.0,330380.0,237.38033731973272
179180.0,330380.0,202.52999875615387
179220.0,330380.0,195.13379399964364
179260.0,330380.0,206.53433397565476
179300.0,330380.0,207.35551660475508
179340.0,330380.0,213.30782176516655
179380.0,330380.0,237.38033731973272
179420.0,330380.0,228.31637580436814
179460.0,330380.0,219.50093818652968
179500.0,330380.0,221.6743802224376
179540.0,330380.0,200.47746638044705
179580.0,330380.0,192.79349597799347
179620.0,330380.0,194.87711143352655
179660.0,330380.0,210.07267525477593
179700.0,330380.0,196.43547887174984
179740.0,330380.0,272.7949994175844
179780.0,330380.0,291.7661665822562
179820.0,330380.0,274.06523559965984
179860.0,330380.0,319.48453179270706
179900.0,330380.0,330.22398081849053
179940.0,330380.0,376.33677264148076
179980.0,330380.0,363.00351676101
180020.0,330380.0,500.26523218953866
180060.0,330380.0,557.5449722101014
180100.0,330380.0,557.5449722101014
180140.0,330380.0,557.5449722101014
180180.0,330380.0,557.5449722101014
180220.0,330380.0,557.5449722101014
180260.0,330380.0,528.8184463400146
180300.0,330380.0,528.8184463400146
180340.0,330380.0,571.2221912220099
180380.0,330380.0,504.4518817489471
180420.0,330380.0,361.07901342027486
180460.0,330380.0,369.2285893148414
180500.0,330380.0,323.2220544709077
180540.0,330380.0,318.38209650631114
180580.0,330380.0,322.5661162725584
178500.0,330340.0,1053.8306982683
178540.0,330340.0,785.444916168621
178580.0,330340.0,308.15749337055877
178620.0,330340.0,330.86027887242415
178660.0,330340.0,329.50640759630727
178700.0,330340.0,297.23623790659036
178740.0,330340.0,292.2688430829924
178780.0,330340.0,221.9869566252815
178820.0,330340.0,295.67405033968953
178860.0,330340.0,252.0684319603697
178900.0,330340.0,278.1527720130545
178940.0,330340.0,232.61122588347024
178980.0,330340.0,209.61979107201574
179020.0,330340.0,219.23162165791555
179060.0,330340.0,235.37244395585597
179100.0,330340.0,237.38033731973272
179140.0,330340.0,228.52176366066826
179180.0,330340.0,195.13379399964364
179220.0,330340.0,196.11638130799975
179260.0,330340.0,207.94515805632264
179300.0,330340.0,205.7763421412724
179340.0,330340.0,243.86224507538944
179380.0,330340.0,226.09765300448728
179420.0,330340.0,240.40002627442442
179460.0,330340.0,223.78617962344396
179500.0,330340.0,213.61617209733592
179540.0,330340.0,192.79349597799347
179580.0,330340.0,194.87711143352655
179620.0,330340.0,210.07267525477593
179660.0,330340.0,196.43547887174984
179700.0,330340.0,272.7949994175844
179740.0,330340.0,291.7661665822562
179780.0,330340.0,297.23623790659036
179820.0,330340.0,329.50640759630727
179860.0,330340.0,376.33677264148076
179900.0,330340.0,312.95161706019076
179940.0,330340.0,393.24849062384163
179980.0,330340.0,308.15749337055877
180020.0,330340.0,549.4815328685424
180060.0,330340.0,632.7435741540219
180100.0,330340.0,632.7435741540219
180140.0,330340.0,632.7435741540219
180180.0,330340.0,1128.681410580685
180220.0,330340.0,1128.681410580685
180260.0,330340.0,1122.5342690864563
180300.0,330340.0,1122.5342690864563
180340.0,330340.0,633.0324031372145
180380.0,330340.0,1038.2252278467315
180420.0,330340.0,590.2466013737877
180460.0,330340.0,595.2159022516217
180500.0,330340.0,571.2221912220099
180540.0,330340.0,333.51860853130324
180580.0,330340.0,367.6105997481137
180620.0,330340.0,347.20812193070185
178500.0,330300.0,616.7310404450571
178540.0,330300.0,543.0496691314688
178580.0,330300.0,308.15749337055877
178620.0,330300.0,376.33677264148076
178660.0,330300.0,318.2445480607578
178700.0,330300.0,291.7661665822562
178740.0,330300.0,272.7949994175844
178780.0,330300.0,210.13570138696505
178820.0,330300.0,252.0684319603697
178860.0,330300.0,278.1527720130545
178900.0,330300.0,232.61122588347024
178940.0,330300.0,209.61979107201574
178980.0,330300.0,223.88917258418277
179020.0,330300.0,240.40002627442442
179060.0,330300.0,226.09765300448728
179100.0,330300.0,256.8822912657147
179140.0,330300.0,203.60023318565098
179180.0,330300.0,196.11638130799975
179220.0,330300.0,196.11638130799975
179260.0,330300.0,195.13379399964364
179300.0,330300.0,230.02090652729117
179340.0,330300.0,233.46199826517986
179380.0,330300.0,233.48840440230543
179420.0,330300.0,219.23162165791555
179460.0,330300.0,209.61979107201574
179500.0,330300.0,193.1476808251621
179540.0,330300.0,195.37786102002747
179580.0,330300.0,210.07267525477593
179620.0,330300.0,196.43547887174984
179660.0,330300.0,272.7949994175844
179700.0,330300.0,291.7661665822562
179740.0,330300.0,297.23623790659036
179780.0,330300.0,329.50640759630727
179820.0,330300.0,372.2589588983844
179860.0,330300.0,563.5572073314568
179900.0,330300.0,308.15749337055877
179940.0,330300.0,603.9012336722378
179980.0,330300.0,544.6472780654118
180020.0,330300.0,543.0496691314688
180060.0,330300.0,542.4710709608831
180100.0,330300.0,632.1936963697275
180140.0,330300.0,632.1936963697275
180180.0,330300.0,632.1936963697275
180220.0,330300.0,632.1936963697275
180260.0,330300.0,632.1936963697275
180300.0,330300.0,632.1936963697275
180340.0,330300.0,542.7186931797995
180380.0,330300.0,782.3271634518931
180420.0,330300.0,627.7965128901454
180460.0,330300.0,633.0324031372145
180500.0,330300.0,604.0472990410126
180540.0,330300.0,374.1514078724276
180580.0,330300.0,435.7455518221833
180620.0,330300.0,485.42126025166647
180660.0,330300.0,362.9837985375267
178500.0,330260.0,632.1936963697275
178540.0,330260.0,627.5100728476267
178580.0,330260.0,308.15749337055877
178620.0,330260.0,376.33677264148076
178660.0,330260.0,274.06523559965984
178700.0,330260.0,299.1206061282671
178740.0,330260.0,195.4546387818845
178780.0,330260.0,210.07267525477593
178820.0,330260.0,265.6910009206005
178860.0,330260.0,232.78848617578612
178900.0,330260.0,209.61979107201574
178940.0,330260.0,223.88917258418277
178980.0,330260.0,240.40002627442442
179020.0,330260.0,225.5098005180631
179060.0,330260.0,237.38033731973272
179100.0,330260.0,213.30782176516655
179140.0,330260.0,207.07649159619717
179180.0,330260.0,196.11638130799975
179220.0,330260.0,195.13379399964364
179260.0,330260.0,202.52999875615387
179300.0,330260.0,237.38033731973272
179340.0,330260.0,228.31637580436814
179380.0,330260.0,219.50093818652968
179420.0,330260.0,211.81418532364978
179460.0,330260.0,212.84143719236928
179500.0,330260.0,203.1064044306495
179540.0,330260.0,183.58449187091622
179580.0,330260.0,210.13570138696505
179620.0,330260.0,272.7949994175844
179660.0,330260.0,291.7661665822562
179700.0,330260.0,297.23623790659036
179740.0,330260.0,329.50640759630727
179780.0,330260.0,372.2589588983844
179820.0,330260.0,563.5572073314568
179860.0,330260.0,454.0525944163418
179900.0,330260.0,627.4753807040338
179940.0,330260.0,543.0496691314688
179980.0,330260.0,551.5818367078984
180020.0,330260.0,613.7651872078036
180060.0,330260.0,613.7651872078036
180100.0,330260.0,613.7651872078036
180300.0,330260.0,613.7651872078036
180340.0,330260.0,613.7651872078036
180380.0,330260.0,1071.1530914214607
180420.0,330260.0,632.1936963697275
180460.0,330260.0,551.4217870566551
180500.0,330260.0,542.8920952152009
180540.0,330260.0,517.1769194508762
180580.0,330260.0,598.3858979116678
180620.0,330260.0,507.67192980224013
180660.0,330260.0,438.44686352833503
178500.0,330220.0,1128.167069973478
178540.0,330220.0,632.7435741540219
178580.0,330220.0,583.9637600221389
178620.0,330220.0,376.33677264148076
178660.0,330220.0,274.06523559965984
178700.0,330220.0,272.67938884000455
178740.0,330220.0,241.73943682048287
178780.0,330220.0,189.71247837898002
178820.0,330220.0,235.14692647263874
178860.0,330220.0,213.61617209733592
178900.0,330220.0,223.78617962344396
178940.0,330220.0,240.40002627442442
178980.0,330220.0,225.5098005180631
179020.0,330220.0,237.38033731973272
179060.0,330220.0,228.52176366066826
179100.0,330220.0,203.60023318565098
179140.0,330220.0,207.07649159619717
179180.0,330220.0,195.13379399964364
179220.0,330220.0,202.52999875615387
179260.0,330220.0,237.38033731973272
179300.0,330220.0,225.5098005180631
179340.0,330220.0,240.40002627442442
179380.0,330220.0,223.78617962344396
179420.0,330220.0,206.7311343192259
179460.0,330220.0,192.79349597799347
179500.0,330220.0,189.71247837898002
179540.0,330220.0,241.73943682048287
179580.0,330220.0,221.9869566252815
179620.0,330220.0,292.2688430829924
179660.0,330220.0,297.23623790659036
179700.0,330220.0,329.50640759630727
179740.0,330220.0,372.2589588983844
179780.0,330220.0,563.5572073314568
179820.0,330220.0,454.0525944163418
179860.0,330220.0,627.4753807040338
179900.0,330220.0,542.4710709608831
179940.0,330220.0,616.7310404450571
179980.0,330220.0,613.7651872078036
180460.0,330220.0,613.7651872078036
180500.0,330220.0,613.7651872078036
180540.0,330220.0,594.8224508941065
180580.0,330220.0,515.2747405749546
180620.0,330220.0,517.4826616516449
180660.0,330220.0,569.9048061836774
180700.0,330220.0,421.66479109055103
178460.0,330180.0,831.3046093580358
178500.0,330180.0,1128.167069973478
178540.0,330180.0,1128.681410580685
178580.0,330180.0,557.5449722101014
178620.0,330180.0,330.82384106066223
178660.0,330180.0,274.06523559965984
178700.0,330180.0,272.67938884000455
178740.0,330180.0,241.73943682048287
178780.0,330180.0,189.71247837898002
178820.0,330180.0,230.9972942513337
178860.0,330180.0,209.5699508365216
178900.0,330180.0,219.23162165791555
178940.0,330180.0,235.37244395585597
178980.0,330180.0,233.46199826517986
179020.0,330180.0,243.86224507538944
179060.0,330180.0,212.05250462964807
179100.0,330180.0,205.2591992879759
179140.0,330180.0,212.05250462964807
179180.0,330180.0,256.8822912657147
179220.0,330180.0,237.38033731973272
179260.0,330180.0,225.5098005180631
179300.0,330180.0,240.40002627442442
179340.0,330180.0,246.1878123071128
179380.0,330180.0,206.63533953160632
179420.0,330180.0,193.1476808251621
179460.0,330180.0,195.37786102002747
179500.0,330180.0,210.07267525477593
179540.0,330180.0,195.4546387818845
179580.0,330180.0,285.8914390123786
179620.0,330180.0,280.1983150686763
179660.0,330180.0,326.74454137533576
179700.0,330180.0,407.6456763553339
179740.0,330180.0,563.5572073314568
179780.0,330180.0,454.0525944163418
179820.0,330180.0,627.4753807040338
179860.0,330180.0,542.4710709608831
179900.0,330180.0,616.7310404450571
179940.0,330180.0,613.7651872078036
180540.0,330180.0,580.1352148542629
180580.0,330180.0,580.1352148542629
180620.0,330180.0,522.7801476728695
180660.0,330180.0,517.4826616516449
180700.0,330180.0,533.7565289460348
178460.0,330140.0,831.3046093580358
178500.0,330140.0,1128.167069973478
178540.0,330140.0,1128.681410580685
178580.0,330140.0,570.1683796239554
178620.0,330140.0,376.33677264148076
178660.0,330140.0,274.06523559965984
178700.0,330140.0,299.1206061282671
178740.0,330140.0,195.4546387818845
178780.0,330140.0,190.80155409914082
178820.0,330140.0,277.7049606277938
178860.0,330140.0,212.84143719236928
178900.0,330140.0,223.79974613588197
178940.0,330140.0,240.40002627442442
178980.0,330140.0,235.37244395585597
179020.0,330140.0,226.09765300448728
179060.0,330140.0,243.86224507538944
179100.0,330140.0,222.6770485107155
179140.0,330140.0,243.86224507538944
179180.0,330140.0,226.09765300448728
179220.0,330140.0,235.37244395585597
179260.0,330140.0,240.40002627442442
179300.0,330140.0,246.1878123071128
179340.0,330140.0,206.63533953160632
179380.0,330140.0,193.1476808251621
179420.0,330140.0,203.1064044306495
179460.0,330140.0,183.58449187091622
179500.0,330140.0,238.64997228601962
179540.0,330140.0,321.8770677307263
179580.0,330140.0,323.74765716286583
179620.0,330140.0,385.15977269951924
179660.0,330140.0,406.86814543071694
179700.0,330140.0,500.26523218953866
179740.0,330140.0,454.0525944163418
179780.0,330140.0,627.4753807040338
179820.0,330140.0,542.4710709608831
179860.0,330140.0,616.7310404450571
179900.0,330140.0,613.7651872078036
180620.0,330140.0,580.1352148542629
180660.0,330140.0,515.2747405749546
180700.0,330140.0,517.1769194508762
178500.0,330100.0,1128.167069973478
178540.0,330100.0,1022.3991072252792
178580.0,330100.0,603.4949504896713
178620.0,330100.0,514.4395171266164
178660.0,330100.0,318.2445480607578
178700.0,330100.0,291.7661665822562
178740.0,330100.0,272.67938884000455
178780.0,330100.0,241.73943682048287
178820.0,330100.0,260.11789464048036
178860.0,330100.0,230.9972942513337
178900.0,330100.0,209.5699508365216
178940.0,330100.0,223.79974613588197
178980.0,330100.0,219.407556507784
179020.0,330100.0,233.48840440230543
179060.0,330100.0,226.09765300448728
179100.0,330100.0,233.46199826517986
179140.0,330100.0,226.09765300448728
179180.0,330100.0,233.48840440230543
179220.0,330100.0,219.407556507784
179260.0,330100.0,223.79974613588197
179300.0,330100.0,209.5699508365216
179340.0,330100.0,232.61122588347024
179380.0,330100.0,203.1064044306495
179420.0,330100.0,183.58449187091622
179460.0,330100.0,295.67405033968953
179500.0,330100.0,247.94683273110732
179540.0,330100.0,324.3054337595509
179580.0,330100.0,355.1811453497112
179620.0,330100.0,397.4740438709303
179660.0,330100.0,329.30830081201657
179700.0,330100.0,386.16287453741177
179740.0,330100.0,632.7435741540219
179780.0,330100.0,542.4710709608831
179820.0,330100.0,616.7310404450571
179860.0,330100.0,613.7651872078036
180660.0,330100.0,580.1352148542629
180700.0,330100.0,580.1352148542629
178500.0,330060.0,1071.1530914214607
178540.0,330060.0,785.444916168621
178580.0,330060.0,603.4949504896713
178620.0,330060.0,559.7493734216422
178660.0,330060.0,329.50640759630727
178700.0,330060.0,274.06523559965984
178740.0,330060.0,285.8914390123786
178780.0,330060.0,195.4546387818845
178820.0,330060.0,256.2532680450884
178860.0,330060.0,277.7049606277938
178900.0,330060.0,230.9972942513337
178940.0,330060.0,213.3192894500028
178980.0,330060.0,211.81418532364978
179020.0,330060.0,219.23162165791555
179060.0,330060.0,219.50093818652968
179100.0,330060.0,234.9330899724958
179140.0,330060.0,240.40002627442442
179180.0,330060.0,219.23162165791555
179220.0,330060.0,211.81418532364978
179260.0,330060.0,213.3192894500028
179300.0,330060.0,230.9972942513337
179340.0,330060.0,277.7049606277938
179380.0,330060.0,252.0684319603697
179420.0,330060.0,295.67405033968953
179460.0,330060.0,247.56348808507673
179500.0,330060.0,321.87297658811025
179540.0,330060.0,314.55359048801836
179580.0,330060.0,395.114896377375
179620.0,330060.0,407.6456763553339
179660.0,330060.0,546.0598142360232
179700.0,330060.0,603.9012336722378
179740.0,330060.0,543.3978905244822
179780.0,330060.0,632.1936963697275
179820.0,330060.0,613.7651872078036
178500.0,330020.0,1053.8306982683
178540.0,330020.0,785.444916168621
178580.0,330020.0,1040.129730325556
178620.0,330020.0,521.6480938560835
178660.0,330020.0,514.4395171266164
178700.0,330020.0,495.5503124458618
178740.0,330020.0,291.7661665822562
178780.0,330020.0,272.67938884000455
178820.0,330020.0,295.67405033968953
178860.0,330020.0,256.2532680450884
178900.0,330020.0,266.4269762817539
178940.0,330020.0,235.14692647263874
178980.0,330020.0,212.84143719236928
179020.0,330020.0,213.61617209733592
179060.0,330020.0,223.79974613588197
179100.0,330020.0,219.23162165791555
179140.0,330020.0,223.79974613588197
179180.0,330020.0,209.5699508365216
179220.0,330020.0,212.84143719236928
179260.0,330020.0,235.14692647263874
179300.0,330020.0,194.87711143352655
179340.0,330020.0,190.80155409914082
179380.0,330020.0,241.73943682048287
179420.0,330020.0,247.56348808507673
179460.0,330020.0,321.87297658811025
179500.0,330020.0,314.55359048801836
179540.0,330020.0,385.15977269951924
179580.0,330020.0,406.86814543071694
179620.0,330020.0,486.71655427584966
179660.0,330020.0,475.33770403221166
179700.0,330020.0,626.8202822586612
179740.0,330020.0,551.5818367078984
179780.0,330020.0,613.7651872078036
178500.0,329980.0,1053.8306982683
178540.0,329980.0,832.4949245536206
178580.0,329980.0,1021.5799527084118
178620.0,329980.0,603.4949504896713
178660.0,329980.0,536.4283080399018
178700.0,329980.0,507.3493524864984
178740.0,329980.0,440.0421085988374
178780.0,329980.0,294.73674642266786
178820.0,329980.0,321.6868870555605
178860.0,329980.0,221.5195161706387
178900.0,329980.0,276.25090793136496
178940.0,329980.0,260.11789464048036
178980.0,329980.0,265.6910009206005
179020.0,329980.0,230.9972942513337
179060.0,329980.0,213.61617209733592
179100.0,329980.0,209.5699508365216
179140.0,329980.0,212.84143719236928
179180.0,329980.0,230.9972942513337
179220.0,329980.0,277.7049606277938
179260.0,329980.0,260.11789464048036
179300.0,329980.0,210.07267525477593
179340.0,329980.0,196.43547887174984
179380.0,329980.0,272.67938884000455
179420.0,329980.0,285.8914390123786
179460.0,329980.0,280.1983150686763
179500.0,329980.0,385.15977269951924
179540.0,329980.0,408.4016901439778
179580.0,329980.0,329.30830081201657
179620.0,329980.0,435.12603407560306
179660.0,329980.0,600.3816221960244
179700.0,329980.0,542.4710709608831
179740.0,329980.0,616.7310404450571
178540.0,329940.0,1071.1530914214607
178580.0,329940.0,785.444916168621
178620.0,329940.0,1040.129730325556
178660.0,329940.0,521.6480938560835
178700.0,329940.0,514.4395171266164
178740.0,329940.0,495.5503124458618
178780.0,329940.0,440.0421085988374
178820.0,329940.0,323.74765716286583
178860.0,329940.0,321.8770677307263
178900.0,329940.0,220.09028857726753
178940.0,329940.0,238.64997228601962
178980.0,329940.0,256.2532680450884
179020.0,329940.0,265.6910009206005
179060.0,329940.0,234.90165077894028
179100.0,329940.0,230.9972942513337
179140.0,329940.0,277.7049606277938
179180.0,329940.0,260.11789464048036
179220.0,329940.0,256.2532680450884
179260.0,329940.0,295.67405033968953
179300.0,329940.0,220.09028857726753
179340.0,329940.0,272.7949994175844
179380.0,329940.0,291.7661665822562
179420.0,329940.0,274.06523559965984
179460.0,329940.0,319.48453179270706
179500.0,329940.0,330.22398081849053
179540.0,329940.0,329.30830081201657
179580.0,329940.0,437.8235052134832
179620.0,329940.0,603.9012336722378
179660.0,329940.0,543.3978905244822
179700.0,329940.0,632.1936963697275
179740.0,329940.0,613.7651872078036
178540.0,329900.0,1053.8306982683
178580.0,329900.0,832.4949245536206
178620.0,329900.0,1021.5799527084118
178660.0,329900.0,603.4949504896713
178700.0,329900.0,559.7493734216422
178740.0,329900.0,514.4395171266164
178780.0,329900.0,507.3493524864984
178820.0,329900.0,355.1811453497112
178860.0,329900.0,323.68198807665834
178900.0,329900.0,324.3054337595509
178940.0,329900.0,321.6868870555605
178980.0,329900.0,238.64997228601962
179020.0,329900.0,278.1268850026292
179060.0,329900.0,252.0684319603697
179100.0,329900.0,252.0684319603697
179140.0,329900.0,268.5647906804541
179180.0,329900.0,295.67405033968953
179220.0,329900.0,220.09028857726753
179260.0,329900.0,321.6868870555605
179300.0,329900.0,321.87297658811025
179340.0,329900.0,291.7661665822562
179380.0,329900.0,297.23623790659036
179420.0,329900.0,329.50640759630727
179460.0,329900.0,376.33677264148076
179500.0,329900.0,312.95161706019076
179540.0,329900.0,393.24849062384163
179580.0,329900.0,603.9012336722378
179620.0,329900.0,544.6472780654118
179660.0,329900.0,551.5818367078984
179700.0,329900.0,613.7651872078036
178540.0,329860.0,1053.8306982683
178580.0,329860.0,1071.1530914214607
178620.0,329860.0,785.444916168621
178660.0,329860.0,1040.129730325556
178700.0,329860.0,603.4949504896713
178740.0,329860.0,521.6480938560835
178780.0,329860.0,489.66377794485834
178820.0,329860.0,404.7562545139225
178860.0,329860.0,395.114896377375
178900.0,329860.0,440.0421085988374
178940.0,329860.0,324.3054337595509
178980.0,329860.0,323.8275966693782
179020.0,329860.0,247.94683273110732
179060.0,329860.0,238.64997228601962
179100.0,329860.0,238.64997228601962
179140.0,329860.0,248.31054542282234
179180.0,329860.0,321.74065616237124
179220.0,329860.0,334.9280098413446
179260.0,329860.0,323.74765716286583
179300.0,329860.0,323.8093518845798
179340.0,329860.0,385.93760406181366
179380.0,329860.0,397.4740438709303
179420.0,329860.0,372.2589588983844
179460.0,329860.0,563.5572073314568
179500.0,329860.0,308.15749337055877
179540.0,329860.0,603.9012336722378
179580.0,329860.0,544.6472780654118
179620.0,329860.0,551.5818367078984
179660.0,329860.0,613.7651872078036
178580.0,329820.0,1053.8306982683
178620.0,329820.0,832.4949245536206
178660.0,329820.0,785.444916168621
178700.0,329820.0,1021.2777762524374
178740.0,329820.0,791.5543001139207
178780.0,329820.0,563.685156706411
178820.0,329820.0,500.3692262425647
178860.0,329820.0,514.4395171266164
178900.0,329820.0,507.3493524864984
178940.0,329820.0,480.29478474134066
178980.0,329820.0,310.1523018196825
179020.0,329820.0,324.3054337595509
179060.0,329820.0,324.3054337595509
179100.0,329820.0,324.3054337595509
179140.0,329820.0,324.3054337595509
179180.0,329820.0,310.1523018196825
179220.0,329820.0,323.8093518845798
179260.0,329820.0,385.93760406181366
179300.0,329820.0,397.4740438709303
179340.0,329820.0,432.7079415089604
179380.0,329820.0,329.30830081201657
179420.0,329820.0,546.0598142360232
179460.0,329820.0,475.33770403221166
179500.0,329820.0,627.4753807040338
179540.0,329820.0,543.0496691314688
179580.0,329820.0,551.5818367078984
179620.0,329820.0,613.7651872078036
178620.0,329780.0,1053.8306982683
178660.0,329780.0,1071.1530914214607
178700.0,329780.0,769.8915062056693
178740.0,329780.0,1022.3991072252792
178780.0,329780.0,1128.681410580685
178820.0,329780.0,603.4949504896713
178860.0,329780.0,500.3692262425647
178900.0,329780.0,480.8786447682601
178940.0,329780.0,546.7628791323249
178980.0,329780.0,507.3493524864984
179020.0,329780.0,385.3492697537091
179060.0,329780.0,323.8093518845798
179100.0,329780.0,385.3492697537091
179140.0,329780.0,395.114896377375
179180.0,329780.0,397.4740438709303
179220.0,329780.0,406.53189383889213
179260.0,329780.0,432.7079415089604
179300.0,329780.0,355.42423664454145
179340.0,329780.0,546.0598142360232
179380.0,329780.0,373.49182909634476
179420.0,329780.0,603.9012336722378
179460.0,329780.0,626.8202822586612
179500.0,329780.0,542.4710709608831
179540.0,329780.0,616.7310404450571
179580.0,329780.0,613.7651872078036
178660.0,329740.0,1053.8306982683
178700.0,329740.0,1071.1530914214607
178740.0,329740.0,1128.167069973478
178780.0,329740.0,785.444916168621
178820.0,329740.0,1128.681410580685
178860.0,329740.0,866.3088492829421
178900.0,329740.0,607.2120847414421
178940.0,329740.0,516.7430030731508
178980.0,329740.0,559.7493734216422
179020.0,329740.0,432.7079415089604
179060.0,329740.0,432.7079415089604
179100.0,329740.0,376.33677264148076
179140.0,329740.0,355.42423664454145
179180.0,329740.0,534.2461733045534
179220.0,329740.0,534.2461733045534
179260.0,329740.0,421.841720332768
179300.0,329740.0,373.49182909634476
179340.0,329740.0,572.6704682901991
179380.0,329740.0,626.8202822586612
179420.0,329740.0,543.0496691314688
179460.0,329740.0,551.5818367078984
179500.0,329740.0,616.7310404450571
179540.0,329740.0,613.7651872078036
178740.0,329700.0,1053.8306982683
178780.0,329700.0,1128.167069973478
178820.0,329700.0,769.8915062056693
178860.0,329700.0,793.9457126286436
178900.0,329700.0,1128.681410580685
178940.0,329700.0,1040.129730325556
178980.0,329700.0,603.4949504896713
179020.0,329700.0,603.4949504896713
179060.0,329700.0,308.15749337055877
179100.0,329700.0,308.15749337055877
179140.0,329700.0,308.15749337055877
179180.0,329700.0,603.9012336722378
179220.0,329700.0,600.3816221960244
179260.0,329700.0,600.3816221960244
179300.0,329700.0,543.3978905244822
179340.0,329700.0,543.0496691314688
179380.0,329700.0,551.5818367078984
179420.0,329700.0,616.7310404450571
179460.0,329700.0,613.7651872078036
178780.0,329660.0,1053.8306982683
178820.0,329660.0,1053.8306982683
178860.0,329660.0,1128.167069973478
178900.0,329660.0,832.4949245536206
178940.0,329660.0,785.444916168621
178980.0,329660.0,785.444916168621
179020.0,329660.0,1022.3991072252792
179060.0,329660.0,793.9457126286436
179100.0,329660.0,543.0496691314688
179140.0,329660.0,543.0496691314688
179180.0,329660.0,543.0496691314688
179220.0,329660.0,551.5818367078984
179260.0,329660.0,632.1936963697275
179300.0,329660.0,632.1936963697275
179340.0,329660.0,613.7651872078036
179380.0,329660.0,613.7651872078036
178900.0,329620.0,1053.8306982683
178940.0,329620.0,1053.8306982683
178980.0,329620.0,1071.1530914214607
179020.0,329620.0,1128.167069973478
179060.0,329620.0,1128.167069973478
179100.0,329620.0,1053.8306982683
179140.0,329620.0,613.7651872078036
179180.0,329620.0,613.7651872078036
179220.0,329620.0,613.7651872078036
